,MUNICIPIO_RES,NOM_MUN,LON_DECIMAL,LAT_DECIMAL,FECHA_INGRESO,TOTAL_POSITIVE,WOMEN_POSITIVE,MEN_POSOTIVE,TOTAL_DEATHS,WOMEN_DEATHS,MEN_DEATHS,TOTAL_UCI,WOMEN_UCI,MEN_UCI
0,1,AcatlÃ¡n,-98.438372,20.145903,01/2020,3,0.0,0.0,0.0,0.0,0.0,1.0,1.0,0.0
1,1,AcatlÃ¡n,-98.438372,20.145903,01/2021,1,0.0,0.0,0.0,0.0,0.0,0.0,0.0,0.0
2,1,AcatlÃ¡n,-98.438372,20.145903,03/2020,1,0.0,0.0,1.0,1.0,0.0,0.0,0.0,0.0
3,1,AcatlÃ¡n,-98.438372,20.145903,04/2020,1,0.0,1.0,1.0,0.0,1.0,1.0,0.0,1.0
4,1,AcatlÃ¡n,-98.438372,20.145903,05/2020,20,9.0,7.0,1.0,1.0,0.0,1.0,1.0,0.0
5,1,AcatlÃ¡n,-98.438372,20.145903,06/2020,9,1.0,3.0,2.0,1.0,1.0,1.0,1.0,0.0
6,1,AcatlÃ¡n,-98.438372,20.145903,07/2020,41,13.0,15.0,7.0,2.0,5.0,2.0,1.0,1.0
7,1,AcatlÃ¡n,-98.438372,20.145903,08/2020,30,11.0,9.0,5.0,2.0,3.0,1.0,1.0,0.0
8,1,AcatlÃ¡n,-98.438372,20.145903,09/2020,16,3.0,4.0,3.0,1.0,2.0,1.0,0.0,1.0
9,1,AcatlÃ¡n,-98.438372,20.145903,10/2020,12,4.0,2.0,4.0,3.0,1.0,0.0,0.0,0.0
10,1,AcatlÃ¡n,-98.438372,20.145903,11/2020,17,5.0,3.0,2.0,1.0,1.0,2.0,1.0,1.0
11,1,AcatlÃ¡n,-98.438372,20.145903,12/2020,30,6.0,9.0,1.0,0.0,1.0,0.0,0.0,0.0
12,2,AcaxochitlÃ¡n,-98.203244,20.158693,01/2020,2,0.0,0.0,0.0,0.0,0.0,0.0,0.0,0.0
13,2,AcaxochitlÃ¡n,-98.203244,20.158693,01/2021,7,2.0,0.0,0.0,0.0,0.0,0.0,0.0,0.0
14,2,AcaxochitlÃ¡n,-98.203244,20.158693,02/2020,3,0.0,0.0,2.0,1.0,1.0,0.0,0.0,0.0
15,2,AcaxochitlÃ¡n,-98.203244,20.158693,03/2020,3,0.0,0.0,0.0,0.0,0.0,0.0,0.0,0.0
16,2,AcaxochitlÃ¡n,-98.203244,20.158693,04/2020,8,0.0,1.0,2.0,1.0,1.0,1.0,1.0,0.0
17,2,AcaxochitlÃ¡n,-98.203244,20.158693,05/2020,17,3.0,5.0,5.0,1.0,4.0,2.0,1.0,1.0
18,2,AcaxochitlÃ¡n,-98.203244,20.158693,06/2020,30,6.0,10.0,8.0,3.0,5.0,6.0,2.0,4.0
19,2,AcaxochitlÃ¡n,-98.203244,20.158693,07/2020,30,7.0,6.0,5.0,1.0,4.0,1.0,0.0,1.0
20,2,AcaxochitlÃ¡n,-98.203244,20.158693,08/2020,51,13.0,11.0,6.0,1.0,5.0,0.0,0.0,0.0
21,2,AcaxochitlÃ¡n,-98.203244,20.158693,09/2020,30,8.0,7.0,4.0,0.0,4.0,0.0,0.0,0.0
22,2,AcaxochitlÃ¡n,-98.203244,20.158693,10/2020,39,6.0,7.0,7.0,4.0,3.0,2.0,0.0,2.0
23,2,AcaxochitlÃ¡n,-98.203244,20.158693,11/2020,27,5.0,6.0,3.0,1.0,2.0,0.0,0.0,0.0
24,2,AcaxochitlÃ¡n,-98.203244,20.158693,12/2020,47,11.0,11.0,7.0,3.0,4.0,3.0,3.0,0.0
25,3,Actopan,-98.942901,20.269086,01/2020,6,0.0,0.0,0.0,0.0,0.0,0.0,0.0,0.0
26,3,Actopan,-98.942901,20.269086,01/2021,41,10.0,14.0,7.0,1.0,6.0,1.0,0.0,1.0
27,3,Actopan,-98.942901,20.269086,02/2020,9,0.0,0.0,3.0,2.0,1.0,0.0,0.0,0.0
28,3,Actopan,-98.942901,20.269086,03/2020,13,0.0,0.0,0.0,0.0,0.0,0.0,0.0,0.0
29,3,Actopan,-98.942901,20.269086,04/2020,18,2.0,3.0,4.0,2.0,2.0,0.0,0.0,0.0
30,3,Actopan,-98.942901,20.269086,05/2020,49,11.0,14.0,10.0,4.0,6.0,4.0,2.0,2.0
31,3,Actopan,-98.942901,20.269086,06/2020,65,16.0,22.0,8.0,2.0,6.0,0.0,0.0,0.0
32,3,Actopan,-98.942901,20.269086,07/2020,67,19.0,26.0,8.0,4.0,4.0,1.0,1.0,0.0
33,3,Actopan,-98.942901,20.269086,08/2020,105,26.0,44.0,19.0,4.0,15.0,0.0,0.0,0.0
34,3,Actopan,-98.942901,20.269086,09/2020,89,26.0,24.0,12.0,2.0,10.0,0.0,0.0,0.0
35,3,Actopan,-98.942901,20.269086,10/2020,67,12.0,24.0,13.0,1.0,12.0,5.0,0.0,5.0
36,3,Actopan,-98.942901,20.269086,11/2020,95,30.0,30.0,11.0,7.0,4.0,1.0,0.0,1.0
37,3,Actopan,-98.942901,20.269086,12/2020,119,29.0,39.0,19.0,5.0,14.0,0.0,0.0,0.0
38,4,Agua Blanca de Iturbide,-98.356386,20.349504,01/2021,5,2.0,1.0,0.0,0.0,0.0,0.0,0.0,0.0
39,4,Agua Blanca de Iturbide,-98.356386,20.349504,05/2020,3,1.0,2.0,1.0,0.0,1.0,0.0,0.0,0.0
40,4,Agua Blanca de Iturbide,-98.356386,20.349504,06/2020,2,0.0,1.0,0.0,0.0,0.0,0.0,0.0,0.0
41,4,Agua Blanca de Iturbide,-98.356386,20.349504,07/2020,13,3.0,5.0,2.0,1.0,1.0,0.0,0.0,0.0
42,4,Agua Blanca de Iturbide,-98.356386,20.349504,08/2020,27,5.0,6.0,2.0,1.0,1.0,0.0,0.0,0.0
43,4,Agua Blanca de Iturbide,-98.356386,20.349504,09/2020,14,0.0,3.0,1.0,0.0,1.0,0.0,0.0,0.0
44,4,Agua Blanca de Iturbide,-98.356386,20.349504,10/2020,20,2.0,2.0,0.0,0.0,0.0,0.0,0.0,0.0
45,4,Agua Blanca de Iturbide,-98.356386,20.349504,11/2020,15,0.0,4.0,1.0,0.0,1.0,1.0,0.0,1.0
46,4,Agua Blanca de Iturbide,-98.356386,20.349504,12/2020,16,3.0,3.0,1.0,0.0,1.0,0.0,0.0,0.0
47,5,Ajacuba,-99.122133,20.092525,01/2020,2,0.0,0.0,0.0,0.0,0.0,0.0,0.0,0.0
48,5,Ajacuba,-99.122133,20.092525,01/2021,20,4.0,4.0,3.0,2.0,1.0,0.0,0.0,0.0
49,5,Ajacuba,-99.122133,20.092525,02/2020,2,0.0,0.0,0.0,0.0,0.0,0.0,0.0,0.0
50,5,Ajacuba,-99.122133,20.092525,03/2020,1,0.0,0.0,0.0,0.0,0.0,0.0,0.0,0.0
51,5,Ajacuba,-99.122133,20.092525,04/2020,9,0.0,2.0,2.0,1.0,1.0,2.0,1.0,1.0
52,5,Ajacuba,-99.122133,20.092525,05/2020,21,5.0,9.0,5.0,1.0,4.0,5.0,1.0,4.0
53,5,Ajacuba,-99.122133,20.092525,06/2020,24,5.0,5.0,3.0,1.0,2.0,3.0,1.0,2.0
54,5,Ajacuba,-99.122133,20.092525,07/2020,19,7.0,9.0,5.0,2.0,3.0,1.0,0.0,1.0
55,5,Ajacuba,-99.122133,20.092525,08/2020,37,11.0,17.0,9.0,1.0,8.0,4.0,0.0,4.0
56,5,Ajacuba,-99.122133,20.092525,09/2020,42,15.0,12.0,4.0,1.0,3.0,1.0,0.0,1.0
57,5,Ajacuba,-99.122133,20.092525,10/2020,35,6.0,5.0,3.0,3.0,0.0,3.0,1.0,2.0
58,5,Ajacuba,-99.122133,20.092525,11/2020,24,4.0,10.0,4.0,0.0,4.0,4.0,0.0,4.0
59,5,Ajacuba,-99.122133,20.092525,12/2020,67,26.0,25.0,13.0,7.0,6.0,5.0,3.0,2.0
60,6,Alfajayucan,-99.349589,20.409971,01/2020,2,0.0,0.0,0.0,0.0,0.0,0.0,0.0,0.0
61,6,Alfajayucan,-99.349589,20.409971,01/2021,4,0.0,2.0,1.0,0.0,1.0,0.0,0.0,0.0
62,6,Alfajayucan,-99.349589,20.409971,02/2020,1,0.0,0.0,0.0,0.0,0.0,0.0,0.0,0.0
63,6,Alfajayucan,-99.349589,20.409971,03/2020,1,0.0,0.0,0.0,0.0,0.0,0.0,0.0,0.0
64,6,Alfajayucan,-99.349589,20.409971,04/2020,3,1.0,1.0,0.0,0.0,0.0,0.0,0.0,0.0
65,6,Alfajayucan,-99.349589,20.409971,05/2020,8,5.0,1.0,1.0,1.0,0.0,0.0,0.0,0.0
66,6,Alfajayucan,-99.349589,20.409971,06/2020,8,1.0,4.0,2.0,0.0,2.0,1.0,0.0,1.0
67,6,Alfajayucan,-99.349589,20.409971,07/2020,27,12.0,6.0,1.0,1.0,0.0,0.0,0.0,0.0
68,6,Alfajayucan,-99.349589,20.409971,08/2020,23,9.0,6.0,1.0,1.0,0.0,0.0,0.0,0.0
69,6,Alfajayucan,-99.349589,20.409971,09/2020,11,4.0,1.0,0.0,0.0,0.0,0.0,0.0,0.0
70,6,Alfajayucan,-99.349589,20.409971,10/2020,8,2.0,3.0,1.0,0.0,1.0,0.0,0.0,0.0
71,6,Alfajayucan,-99.349589,20.409971,11/2020,18,4.0,8.0,5.0,1.0,4.0,4.0,1.0,3.0
72,6,Alfajayucan,-99.349589,20.409971,12/2020,24,10.0,9.0,9.0,5.0,4.0,4.0,2.0,2.0
73,7,Almoloya,-98.403293,19.703319,01/2021,5,2.0,2.0,2.0,0.0,2.0,0.0,0.0,0.0
74,7,Almoloya,-98.403293,19.703319,03/2020,1,0.0,0.0,0.0,0.0,0.0,0.0,0.0,0.0
75,7,Almoloya,-98.403293,19.703319,04/2020,3,0.0,1.0,0.0,0.0,0.0,0.0,0.0,0.0
76,7,Almoloya,-98.403293,19.703319,05/2020,10,2.0,3.0,1.0,0.0,1.0,2.0,0.0,2.0
77,7,Almoloya,-98.403293,19.703319,06/2020,19,2.0,12.0,3.0,0.0,3.0,0.0,0.0,0.0
78,7,Almoloya,-98.403293,19.703319,07/2020,72,20.0,22.0,4.0,2.0,2.0,0.0,0.0,0.0
79,7,Almoloya,-98.403293,19.703319,08/2020,18,4.0,8.0,2.0,0.0,2.0,2.0,0.0,2.0
80,7,Almoloya,-98.403293,19.703319,09/2020,19,7.0,5.0,2.0,1.0,1.0,0.0,0.0,0.0
81,7,Almoloya,-98.403293,19.703319,10/2020,19,9.0,1.0,1.0,1.0,0.0,0.0,0.0,0.0
82,7,Almoloya,-98.403293,19.703319,11/2020,13,2.0,5.0,0.0,0.0,0.0,0.0,0.0,0.0
83,7,Almoloya,-98.403293,19.703319,12/2020,23,5.0,9.0,2.0,1.0,1.0,1.0,0.0,1.0
84,8,Apan,-98.451944,19.71,01/2020,15,0.0,0.0,1.0,0.0,1.0,0.0,0.0,0.0
85,8,Apan,-98.451944,19.71,01/2021,20,1.0,7.0,4.0,1.0,3.0,0.0,0.0,0.0
86,8,Apan,-98.451944,19.71,02/2020,7,0.0,0.0,0.0,0.0,0.0,0.0,0.0,0.0
87,8,Apan,-98.451944,19.71,03/2020,15,0.0,0.0,0.0,0.0,0.0,0.0,0.0,0.0
88,8,Apan,-98.451944,19.71,04/2020,18,1.0,5.0,5.0,1.0,4.0,1.0,1.0,0.0
89,8,Apan,-98.451944,19.71,05/2020,111,38.0,36.0,11.0,5.0,6.0,1.0,0.0,1.0
90,8,Apan,-98.451944,19.71,06/2020,137,34.0,57.0,12.0,1.0,11.0,2.0,0.0,2.0
91,8,Apan,-98.451944,19.71,07/2020,167,56.0,40.0,13.0,6.0,7.0,1.0,1.0,0.0
92,8,Apan,-98.451944,19.71,08/2020,149,41.0,33.0,14.0,7.0,7.0,2.0,0.0,2.0
93,8,Apan,-98.451944,19.71,09/2020,91,25.0,23.0,8.0,3.0,5.0,0.0,0.0,0.0
94,8,Apan,-98.451944,19.71,10/2020,98,25.0,28.0,8.0,2.0,6.0,1.0,1.0,0.0
95,8,Apan,-98.451944,19.71,11/2020,111,43.0,31.0,14.0,6.0,8.0,1.0,0.0,1.0
96,8,Apan,-98.451944,19.71,12/2020,180,53.0,61.0,22.0,5.0,17.0,1.0,0.0,1.0
97,10,Atitalaquia,-99.221129,20.059155,01/2020,7,0.0,0.0,1.0,0.0,1.0,0.0,0.0,0.0
98,10,Atitalaquia,-99.221129,20.059155,01/2021,35,7.0,9.0,7.0,1.0,6.0,2.0,0.0,2.0
99,10,Atitalaquia,-99.221129,20.059155,02/2020,3,0.0,0.0,1.0,0.0,1.0,0.0,0.0,0.0
100,10,Atitalaquia,-99.221129,20.059155,03/2020,3,0.0,0.0,0.0,0.0,0.0,0.0,0.0,0.0
101,10,Atitalaquia,-99.221129,20.059155,04/2020,16,0.0,2.0,2.0,1.0,1.0,1.0,1.0,0.0
102,10,Atitalaquia,-99.221129,20.059155,05/2020,61,9.0,25.0,9.0,1.0,8.0,5.0,1.0,4.0
103,10,Atitalaquia,-99.221129,20.059155,06/2020,74,14.0,18.0,8.0,3.0,5.0,2.0,2.0,0.0
104,10,Atitalaquia,-99.221129,20.059155,07/2020,57,16.0,12.0,10.0,5.0,5.0,1.0,0.0,1.0
105,10,Atitalaquia,-99.221129,20.059155,08/2020,78,17.0,22.0,8.0,3.0,5.0,3.0,1.0,2.0
106,10,Atitalaquia,-99.221129,20.059155,09/2020,100,19.0,22.0,14.0,3.0,11.0,7.0,4.0,3.0
107,10,Atitalaquia,-99.221129,20.059155,10/2020,118,24.0,26.0,12.0,4.0,8.0,10.0,5.0,5.0
108,10,Atitalaquia,-99.221129,20.059155,11/2020,133,21.0,33.0,16.0,4.0,12.0,3.0,1.0,2.0
109,10,Atitalaquia,-99.221129,20.059155,12/2020,159,34.0,40.0,29.0,12.0,17.0,15.0,4.0,11.0
110,11,Atlapexco,-98.348187,21.017114000000007,01/2021,4,1.0,0.0,1.0,1.0,0.0,0.0,0.0,0.0
111,11,Atlapexco,-98.348187,21.017114000000007,06/2020,11,0.0,4.0,1.0,0.0,1.0,0.0,0.0,0.0
112,11,Atlapexco,-98.348187,21.017114000000007,07/2020,24,2.0,6.0,3.0,1.0,2.0,1.0,0.0,1.0
113,11,Atlapexco,-98.348187,21.017114000000007,08/2020,9,1.0,4.0,1.0,0.0,1.0,0.0,0.0,0.0
114,11,Atlapexco,-98.348187,21.017114000000007,09/2020,19,2.0,5.0,0.0,0.0,0.0,0.0,0.0,0.0
115,11,Atlapexco,-98.348187,21.017114000000007,10/2020,22,3.0,9.0,1.0,0.0,1.0,0.0,0.0,0.0
116,11,Atlapexco,-98.348187,21.017114000000007,11/2020,19,3.0,4.0,1.0,1.0,0.0,0.0,0.0,0.0
117,11,Atlapexco,-98.348187,21.017114000000007,12/2020,23,2.0,3.0,0.0,0.0,0.0,0.0,0.0,0.0
118,13,Atotonilco de Tula,-99.220191,20.007767,01/2020,1,0.0,0.0,0.0,0.0,0.0,0.0,0.0,0.0
119,13,Atotonilco de Tula,-99.220191,20.007767,01/2021,31,1.0,13.0,6.0,0.0,6.0,3.0,0.0,3.0
120,13,Atotonilco de Tula,-99.220191,20.007767,02/2020,3,0.0,0.0,0.0,0.0,0.0,0.0,0.0,0.0
121,13,Atotonilco de Tula,-99.220191,20.007767,03/2020,7,1.0,0.0,0.0,0.0,0.0,0.0,0.0,0.0
122,13,Atotonilco de Tula,-99.220191,20.007767,04/2020,15,1.0,3.0,2.0,0.0,2.0,0.0,0.0,0.0
123,13,Atotonilco de Tula,-99.220191,20.007767,05/2020,54,11.0,18.0,13.0,7.0,6.0,0.0,0.0,0.0
124,13,Atotonilco de Tula,-99.220191,20.007767,06/2020,59,9.0,26.0,11.0,3.0,8.0,1.0,1.0,0.0
125,13,Atotonilco de Tula,-99.220191,20.007767,07/2020,67,18.0,23.0,13.0,4.0,9.0,2.0,1.0,1.0
126,13,Atotonilco de Tula,-99.220191,20.007767,08/2020,53,15.0,17.0,7.0,2.0,5.0,2.0,2.0,0.0
127,13,Atotonilco de Tula,-99.220191,20.007767,09/2020,51,8.0,13.0,11.0,3.0,8.0,7.0,1.0,6.0
128,13,Atotonilco de Tula,-99.220191,20.007767,10/2020,46,10.0,13.0,6.0,2.0,4.0,5.0,2.0,3.0
129,13,Atotonilco de Tula,-99.220191,20.007767,11/2020,82,29.0,27.0,12.0,2.0,10.0,8.0,2.0,6.0
130,13,Atotonilco de Tula,-99.220191,20.007767,12/2020,97,33.0,32.0,16.0,9.0,7.0,7.0,6.0,1.0
131,12,Atotonilco el Grande,-98.669062,20.286882,01/2020,1,0.0,0.0,0.0,0.0,0.0,0.0,0.0,0.0
132,12,Atotonilco el Grande,-98.669062,20.286882,01/2021,13,3.0,3.0,3.0,1.0,2.0,1.0,1.0,0.0
133,12,Atotonilco el Grande,-98.669062,20.286882,03/2020,2,0.0,0.0,0.0,0.0,0.0,0.0,0.0,0.0
134,12,Atotonilco el Grande,-98.669062,20.286882,04/2020,9,2.0,2.0,2.0,1.0,1.0,0.0,0.0,0.0
135,12,Atotonilco el Grande,-98.669062,20.286882,05/2020,17,4.0,5.0,3.0,2.0,1.0,0.0,0.0,0.0
136,12,Atotonilco el Grande,-98.669062,20.286882,06/2020,27,9.0,8.0,3.0,1.0,2.0,0.0,0.0,0.0
137,12,Atotonilco el Grande,-98.669062,20.286882,07/2020,25,6.0,6.0,0.0,0.0,0.0,0.0,0.0,0.0
138,12,Atotonilco el Grande,-98.669062,20.286882,08/2020,36,6.0,10.0,5.0,3.0,2.0,0.0,0.0,0.0
139,12,Atotonilco el Grande,-98.669062,20.286882,09/2020,11,3.0,0.0,1.0,0.0,1.0,0.0,0.0,0.0
140,12,Atotonilco el Grande,-98.669062,20.286882,10/2020,20,3.0,4.0,5.0,0.0,5.0,0.0,0.0,0.0
141,12,Atotonilco el Grande,-98.669062,20.286882,11/2020,37,10.0,5.0,2.0,1.0,1.0,2.0,1.0,1.0
142,12,Atotonilco el Grande,-98.669062,20.286882,12/2020,37,6.0,14.0,1.0,0.0,1.0,1.0,0.0,1.0
143,14,Calnali,-98.583532,20.897178,04/2020,4,1.0,2.0,1.0,0.0,1.0,0.0,0.0,0.0
144,14,Calnali,-98.583532,20.897178,05/2020,8,3.0,2.0,1.0,0.0,1.0,0.0,0.0,0.0
145,14,Calnali,-98.583532,20.897178,06/2020,14,4.0,5.0,2.0,1.0,1.0,0.0,0.0,0.0
146,14,Calnali,-98.583532,20.897178,07/2020,1,0.0,0.0,0.0,0.0,0.0,0.0,0.0,0.0
147,14,Calnali,-98.583532,20.897178,08/2020,16,3.0,6.0,3.0,0.0,3.0,0.0,0.0,0.0
148,14,Calnali,-98.583532,20.897178,09/2020,7,1.0,0.0,0.0,0.0,0.0,1.0,1.0,0.0
149,14,Calnali,-98.583532,20.897178,10/2020,13,2.0,4.0,0.0,0.0,0.0,0.0,0.0,0.0
150,14,Calnali,-98.583532,20.897178,11/2020,13,5.0,3.0,0.0,0.0,0.0,0.0,0.0,0.0
151,14,Calnali,-98.583532,20.897178,12/2020,17,2.0,9.0,3.0,0.0,3.0,0.0,0.0,0.0
152,15,Cardonal,-99.117069,20.613389,01/2021,4,1.0,0.0,0.0,0.0,0.0,0.0,0.0,0.0
153,15,Cardonal,-99.117069,20.613389,03/2020,1,0.0,0.0,0.0,0.0,0.0,0.0,0.0,0.0
154,15,Cardonal,-99.117069,20.613389,04/2020,7,2.0,1.0,2.0,1.0,1.0,1.0,1.0,0.0
155,15,Cardonal,-99.117069,20.613389,05/2020,9,3.0,4.0,2.0,1.0,1.0,1.0,1.0,0.0
156,15,Cardonal,-99.117069,20.613389,06/2020,9,1.0,4.0,1.0,0.0,1.0,0.0,0.0,0.0
157,15,Cardonal,-99.117069,20.613389,07/2020,19,7.0,9.0,5.0,1.0,4.0,0.0,0.0,0.0
158,15,Cardonal,-99.117069,20.613389,08/2020,16,1.0,6.0,2.0,0.0,2.0,0.0,0.0,0.0
159,15,Cardonal,-99.117069,20.613389,09/2020,21,3.0,4.0,3.0,2.0,1.0,0.0,0.0,0.0
160,15,Cardonal,-99.117069,20.613389,10/2020,25,5.0,5.0,3.0,1.0,2.0,2.0,1.0,1.0
161,15,Cardonal,-99.117069,20.613389,11/2020,25,6.0,6.0,4.0,0.0,4.0,0.0,0.0,0.0
162,15,Cardonal,-99.117069,20.613389,12/2020,40,13.0,10.0,9.0,3.0,6.0,4.0,3.0,1.0
163,17,Chapantongo,-99.413231,20.285316,01/2020,12,0.0,0.0,0.0,0.0,0.0,0.0,0.0,0.0
164,17,Chapantongo,-99.413231,20.285316,01/2021,11,3.0,3.0,1.0,1.0,0.0,1.0,1.0,0.0
165,17,Chapantongo,-99.413231,20.285316,03/2020,1,0.0,0.0,0.0,0.0,0.0,0.0,0.0,0.0
166,17,Chapantongo,-99.413231,20.285316,04/2020,2,0.0,0.0,1.0,0.0,1.0,1.0,0.0,1.0
167,17,Chapantongo,-99.413231,20.285316,05/2020,8,1.0,1.0,2.0,2.0,0.0,2.0,2.0,0.0
168,17,Chapantongo,-99.413231,20.285316,06/2020,10,3.0,3.0,2.0,2.0,0.0,1.0,0.0,1.0
169,17,Chapantongo,-99.413231,20.285316,07/2020,27,8.0,14.0,3.0,0.0,3.0,0.0,0.0,0.0
170,17,Chapantongo,-99.413231,20.285316,08/2020,34,16.0,9.0,2.0,1.0,1.0,1.0,0.0,1.0
171,17,Chapantongo,-99.413231,20.285316,09/2020,37,10.0,8.0,2.0,1.0,1.0,1.0,1.0,0.0
172,17,Chapantongo,-99.413231,20.285316,10/2020,37,8.0,9.0,0.0,0.0,0.0,0.0,0.0,0.0
173,17,Chapantongo,-99.413231,20.285316,11/2020,37,9.0,12.0,2.0,0.0,2.0,1.0,0.0,1.0
174,17,Chapantongo,-99.413231,20.285316,12/2020,46,17.0,13.0,1.0,1.0,0.0,1.0,1.0,0.0
175,18,ChapulhuacÃ¡n,-98.904588,21.159418,01/2020,1,0.0,0.0,0.0,0.0,0.0,0.0,0.0,0.0
176,18,ChapulhuacÃ¡n,-98.904588,21.159418,01/2021,2,0.0,1.0,0.0,0.0,0.0,0.0,0.0,0.0
177,18,ChapulhuacÃ¡n,-98.904588,21.159418,02/2020,2,0.0,0.0,0.0,0.0,0.0,0.0,0.0,0.0
178,18,ChapulhuacÃ¡n,-98.904588,21.159418,03/2020,1,0.0,0.0,0.0,0.0,0.0,0.0,0.0,0.0
179,18,ChapulhuacÃ¡n,-98.904588,21.159418,05/2020,6,1.0,2.0,1.0,1.0,0.0,0.0,0.0,0.0
180,18,ChapulhuacÃ¡n,-98.904588,21.159418,06/2020,8,1.0,3.0,2.0,0.0,2.0,0.0,0.0,0.0
181,18,ChapulhuacÃ¡n,-98.904588,21.159418,07/2020,12,3.0,3.0,1.0,1.0,0.0,1.0,1.0,0.0
182,18,ChapulhuacÃ¡n,-98.904588,21.159418,08/2020,15,2.0,6.0,3.0,1.0,2.0,0.0,0.0,0.0
183,18,ChapulhuacÃ¡n,-98.904588,21.159418,09/2020,8,2.0,0.0,0.0,0.0,0.0,0.0,0.0,0.0
184,18,ChapulhuacÃ¡n,-98.904588,21.159418,10/2020,7,1.0,0.0,0.0,0.0,0.0,1.0,0.0,1.0
185,18,ChapulhuacÃ¡n,-98.904588,21.159418,11/2020,6,0.0,3.0,1.0,0.0,1.0,0.0,0.0,0.0
186,18,ChapulhuacÃ¡n,-98.904588,21.159418,12/2020,8,0.0,2.0,2.0,1.0,1.0,1.0,0.0,1.0
187,19,Chilcuautla,-99.231747,20.330962,01/2020,1,0.0,0.0,0.0,0.0,0.0,0.0,0.0,0.0
188,19,Chilcuautla,-99.231747,20.330962,01/2021,2,0.0,1.0,0.0,0.0,0.0,0.0,0.0,0.0
189,19,Chilcuautla,-99.231747,20.330962,03/2020,1,0.0,0.0,0.0,0.0,0.0,0.0,0.0,0.0
190,19,Chilcuautla,-99.231747,20.330962,04/2020,3,0.0,1.0,2.0,1.0,1.0,1.0,1.0,0.0
191,19,Chilcuautla,-99.231747,20.330962,05/2020,5,1.0,1.0,2.0,1.0,1.0,0.0,0.0,0.0
192,19,Chilcuautla,-99.231747,20.330962,06/2020,8,2.0,5.0,3.0,1.0,2.0,0.0,0.0,0.0
193,19,Chilcuautla,-99.231747,20.330962,07/2020,11,3.0,4.0,4.0,1.0,3.0,0.0,0.0,0.0
194,19,Chilcuautla,-99.231747,20.330962,08/2020,27,6.0,14.0,6.0,1.0,5.0,1.0,0.0,1.0
195,19,Chilcuautla,-99.231747,20.330962,09/2020,18,5.0,5.0,4.0,2.0,2.0,1.0,0.0,1.0
196,19,Chilcuautla,-99.231747,20.330962,10/2020,24,6.0,11.0,4.0,1.0,3.0,2.0,1.0,1.0
197,19,Chilcuautla,-99.231747,20.330962,11/2020,25,9.0,6.0,2.0,2.0,0.0,0.0,0.0,0.0
198,19,Chilcuautla,-99.231747,20.330962,12/2020,32,9.0,10.0,1.0,0.0,1.0,0.0,0.0,0.0
199,16,Cuautepec de Hinojosa,-98.309738,20.03547,01/2020,1,0.0,0.0,0.0,0.0,0.0,0.0,0.0,0.0
200,16,Cuautepec de Hinojosa,-98.309738,20.03547,01/2021,10,2.0,4.0,4.0,1.0,3.0,0.0,0.0,0.0
201,16,Cuautepec de Hinojosa,-98.309738,20.03547,02/2020,1,0.0,0.0,0.0,0.0,0.0,0.0,0.0,0.0
202,16,Cuautepec de Hinojosa,-98.309738,20.03547,03/2020,2,0.0,0.0,0.0,0.0,0.0,0.0,0.0,0.0
203,16,Cuautepec de Hinojosa,-98.309738,20.03547,04/2020,18,0.0,5.0,1.0,0.0,1.0,1.0,0.0,1.0
204,16,Cuautepec de Hinojosa,-98.309738,20.03547,05/2020,32,11.0,14.0,9.0,3.0,6.0,4.0,1.0,3.0
205,16,Cuautepec de Hinojosa,-98.309738,20.03547,06/2020,33,6.0,11.0,3.0,1.0,2.0,0.0,0.0,0.0
206,16,Cuautepec de Hinojosa,-98.309738,20.03547,07/2020,66,14.0,20.0,7.0,1.0,6.0,1.0,0.0,1.0
207,16,Cuautepec de Hinojosa,-98.309738,20.03547,08/2020,48,13.0,11.0,14.0,5.0,9.0,0.0,0.0,0.0
208,16,Cuautepec de Hinojosa,-98.309738,20.03547,09/2020,37,9.0,9.0,8.0,2.0,6.0,0.0,0.0,0.0
209,16,Cuautepec de Hinojosa,-98.309738,20.03547,10/2020,32,8.0,7.0,6.0,2.0,4.0,1.0,0.0,1.0
210,16,Cuautepec de Hinojosa,-98.309738,20.03547,11/2020,51,12.0,10.0,7.0,2.0,5.0,0.0,0.0,0.0
211,16,Cuautepec de Hinojosa,-98.309738,20.03547,12/2020,85,26.0,26.0,21.0,11.0,10.0,1.0,1.0,0.0
212,9,El Arenal,-98.911046,20.221424,01/2021,6,1.0,1.0,0.0,0.0,0.0,0.0,0.0,0.0
213,9,El Arenal,-98.911046,20.221424,02/2020,3,0.0,0.0,1.0,0.0,1.0,0.0,0.0,0.0
214,9,El Arenal,-98.911046,20.221424,03/2020,1,0.0,0.0,1.0,1.0,0.0,0.0,0.0,0.0
215,9,El Arenal,-98.911046,20.221424,04/2020,5,0.0,1.0,1.0,0.0,1.0,1.0,0.0,1.0
216,9,El Arenal,-98.911046,20.221424,05/2020,8,3.0,3.0,3.0,2.0,1.0,1.0,0.0,1.0
217,9,El Arenal,-98.911046,20.221424,06/2020,11,4.0,6.0,1.0,1.0,0.0,0.0,0.0,0.0
218,9,El Arenal,-98.911046,20.221424,07/2020,21,10.0,6.0,4.0,2.0,2.0,0.0,0.0,0.0
219,9,El Arenal,-98.911046,20.221424,08/2020,31,11.0,9.0,13.0,3.0,10.0,0.0,0.0,0.0
220,9,El Arenal,-98.911046,20.221424,09/2020,9,1.0,2.0,0.0,0.0,0.0,0.0,0.0,0.0
221,9,El Arenal,-98.911046,20.221424,10/2020,13,3.0,6.0,6.0,2.0,4.0,1.0,1.0,0.0
222,9,El Arenal,-98.911046,20.221424,11/2020,24,6.0,7.0,2.0,1.0,1.0,2.0,2.0,0.0
223,9,El Arenal,-98.911046,20.221424,12/2020,23,7.0,5.0,4.0,2.0,2.0,0.0,0.0,0.0
224,20,EloxochitlÃ¡n,-98.809141,20.746718,05/2020,1,0.0,1.0,1.0,0.0,1.0,0.0,0.0,0.0
225,20,EloxochitlÃ¡n,-98.809141,20.746718,06/2020,4,2.0,1.0,0.0,0.0,0.0,0.0,0.0,0.0
226,20,EloxochitlÃ¡n,-98.809141,20.746718,07/2020,8,3.0,2.0,4.0,2.0,2.0,0.0,0.0,0.0
227,20,EloxochitlÃ¡n,-98.809141,20.746718,08/2020,3,1.0,2.0,0.0,0.0,0.0,0.0,0.0,0.0
228,20,EloxochitlÃ¡n,-98.809141,20.746718,09/2020,1,0.0,0.0,0.0,0.0,0.0,0.0,0.0,0.0
229,20,EloxochitlÃ¡n,-98.809141,20.746718,10/2020,1,0.0,0.0,0.0,0.0,0.0,0.0,0.0,0.0
230,20,EloxochitlÃ¡n,-98.809141,20.746718,11/2020,3,0.0,1.0,2.0,1.0,1.0,0.0,0.0,0.0
231,20,EloxochitlÃ¡n,-98.809141,20.746718,12/2020,10,1.0,4.0,5.0,2.0,3.0,2.0,0.0,2.0
232,21,Emiliano Zapata,-98.547416,19.657008,01/2020,2,0.0,0.0,1.0,1.0,0.0,0.0,0.0,0.0
233,21,Emiliano Zapata,-98.547416,19.657008,01/2021,9,5.0,2.0,1.0,1.0,0.0,0.0,0.0,0.0
234,21,Emiliano Zapata,-98.547416,19.657008,02/2020,1,0.0,0.0,0.0,0.0,0.0,0.0,0.0,0.0
235,21,Emiliano Zapata,-98.547416,19.657008,03/2020,6,1.0,3.0,2.0,0.0,2.0,0.0,0.0,0.0
236,21,Emiliano Zapata,-98.547416,19.657008,04/2020,5,0.0,3.0,1.0,0.0,1.0,0.0,0.0,0.0
237,21,Emiliano Zapata,-98.547416,19.657008,05/2020,20,4.0,8.0,5.0,1.0,4.0,0.0,0.0,0.0
238,21,Emiliano Zapata,-98.547416,19.657008,06/2020,47,14.0,13.0,2.0,0.0,2.0,0.0,0.0,0.0
239,21,Emiliano Zapata,-98.547416,19.657008,07/2020,149,45.0,54.0,5.0,1.0,4.0,0.0,0.0,0.0
240,21,Emiliano Zapata,-98.547416,19.657008,08/2020,47,11.0,13.0,4.0,1.0,3.0,0.0,0.0,0.0
241,21,Emiliano Zapata,-98.547416,19.657008,09/2020,21,3.0,5.0,1.0,0.0,1.0,0.0,0.0,0.0
242,21,Emiliano Zapata,-98.547416,19.657008,10/2020,51,16.0,15.0,5.0,2.0,3.0,0.0,0.0,0.0
243,21,Emiliano Zapata,-98.547416,19.657008,11/2020,34,7.0,9.0,4.0,0.0,4.0,1.0,0.0,1.0
244,21,Emiliano Zapata,-98.547416,19.657008,12/2020,35,10.0,11.0,4.0,3.0,1.0,0.0,0.0,0.0
245,22,Epazoyucan,-98.636209,20.018022,01/2020,1,0.0,0.0,0.0,0.0,0.0,0.0,0.0,0.0
246,22,Epazoyucan,-98.636209,20.018022,01/2021,13,6.0,6.0,6.0,2.0,4.0,2.0,1.0,1.0
247,22,Epazoyucan,-98.636209,20.018022,03/2020,1,0.0,0.0,0.0,0.0,0.0,0.0,0.0,0.0
248,22,Epazoyucan,-98.636209,20.018022,04/2020,6,1.0,1.0,1.0,0.0,1.0,0.0,0.0,0.0
249,22,Epazoyucan,-98.636209,20.018022,05/2020,17,4.0,7.0,6.0,2.0,4.0,1.0,0.0,1.0
250,22,Epazoyucan,-98.636209,20.018022,06/2020,21,4.0,6.0,3.0,1.0,2.0,0.0,0.0,0.0
251,22,Epazoyucan,-98.636209,20.018022,07/2020,19,2.0,5.0,5.0,0.0,5.0,0.0,0.0,0.0
252,22,Epazoyucan,-98.636209,20.018022,08/2020,25,9.0,6.0,2.0,2.0,0.0,0.0,0.0,0.0
253,22,Epazoyucan,-98.636209,20.018022,09/2020,31,9.0,11.0,0.0,0.0,0.0,1.0,1.0,0.0
254,22,Epazoyucan,-98.636209,20.018022,10/2020,48,19.0,9.0,5.0,2.0,3.0,0.0,0.0,0.0
255,22,Epazoyucan,-98.636209,20.018022,11/2020,21,4.0,2.0,1.0,1.0,0.0,0.0,0.0,0.0
256,22,Epazoyucan,-98.636209,20.018022,12/2020,67,18.0,15.0,10.0,4.0,6.0,1.0,0.0,1.0
257,23,Francisco I. Madero,-99.088894,20.245186,01/2020,2,0.0,0.0,1.0,1.0,0.0,0.0,0.0,0.0
258,23,Francisco I. Madero,-99.088894,20.245186,01/2021,11,6.0,4.0,3.0,3.0,0.0,0.0,0.0,0.0
259,23,Francisco I. Madero,-99.088894,20.245186,03/2020,1,0.0,0.0,0.0,0.0,0.0,0.0,0.0,0.0
260,23,Francisco I. Madero,-99.088894,20.245186,04/2020,10,0.0,3.0,1.0,1.0,0.0,1.0,0.0,1.0
261,23,Francisco I. Madero,-99.088894,20.245186,05/2020,13,3.0,5.0,4.0,1.0,3.0,1.0,0.0,1.0
262,23,Francisco I. Madero,-99.088894,20.245186,06/2020,24,7.0,5.0,4.0,2.0,2.0,3.0,1.0,2.0
263,23,Francisco I. Madero,-99.088894,20.245186,07/2020,26,7.0,8.0,9.0,4.0,5.0,0.0,0.0,0.0
264,23,Francisco I. Madero,-99.088894,20.245186,08/2020,69,28.0,29.0,14.0,5.0,9.0,3.0,2.0,1.0
265,23,Francisco I. Madero,-99.088894,20.245186,09/2020,52,13.0,21.0,17.0,6.0,11.0,2.0,1.0,1.0
266,23,Francisco I. Madero,-99.088894,20.245186,10/2020,33,5.0,11.0,4.0,1.0,3.0,3.0,0.0,3.0
267,23,Francisco I. Madero,-99.088894,20.245186,11/2020,21,5.0,9.0,5.0,1.0,4.0,2.0,0.0,2.0
268,23,Francisco I. Madero,-99.088894,20.245186,12/2020,43,10.0,11.0,8.0,2.0,6.0,1.0,1.0,0.0
269,24,Huasca de Ocampo,-98.577615,20.203611,01/2020,1,0.0,0.0,0.0,0.0,0.0,0.0,0.0,0.0
270,24,Huasca de Ocampo,-98.577615,20.203611,01/2021,2,0.0,1.0,1.0,0.0,1.0,1.0,0.0,1.0
271,24,Huasca de Ocampo,-98.577615,20.203611,02/2020,1,0.0,0.0,1.0,0.0,1.0,0.0,0.0,0.0
272,24,Huasca de Ocampo,-98.577615,20.203611,03/2020,1,0.0,1.0,0.0,0.0,0.0,0.0,0.0,0.0
273,24,Huasca de Ocampo,-98.577615,20.203611,04/2020,2,1.0,1.0,0.0,0.0,0.0,1.0,1.0,0.0
274,24,Huasca de Ocampo,-98.577615,20.203611,05/2020,7,1.0,3.0,4.0,1.0,3.0,0.0,0.0,0.0
275,24,Huasca de Ocampo,-98.577615,20.203611,06/2020,9,4.0,2.0,2.0,0.0,2.0,1.0,0.0,1.0
276,24,Huasca de Ocampo,-98.577615,20.203611,07/2020,8,4.0,3.0,1.0,0.0,1.0,0.0,0.0,0.0
277,24,Huasca de Ocampo,-98.577615,20.203611,08/2020,14,7.0,3.0,2.0,1.0,1.0,0.0,0.0,0.0
278,24,Huasca de Ocampo,-98.577615,20.203611,09/2020,8,2.0,2.0,0.0,0.0,0.0,0.0,0.0,0.0
279,24,Huasca de Ocampo,-98.577615,20.203611,10/2020,15,5.0,5.0,3.0,2.0,1.0,0.0,0.0,0.0
280,24,Huasca de Ocampo,-98.577615,20.203611,11/2020,12,5.0,6.0,1.0,0.0,1.0,3.0,2.0,1.0
281,24,Huasca de Ocampo,-98.577615,20.203611,12/2020,27,7.0,2.0,5.0,2.0,3.0,1.0,1.0,0.0
282,25,Huautla,-98.286821,21.031387,01/2020,1,0.0,0.0,0.0,0.0,0.0,0.0,0.0,0.0
283,25,Huautla,-98.286821,21.031387,01/2021,2,0.0,1.0,0.0,0.0,0.0,0.0,0.0,0.0
284,25,Huautla,-98.286821,21.031387,02/2020,2,0.0,0.0,0.0,0.0,0.0,0.0,0.0,0.0
285,25,Huautla,-98.286821,21.031387,05/2020,6,2.0,3.0,1.0,0.0,1.0,0.0,0.0,0.0
286,25,Huautla,-98.286821,21.031387,06/2020,10,2.0,3.0,2.0,0.0,2.0,0.0,0.0,0.0
287,25,Huautla,-98.286821,21.031387,07/2020,7,0.0,4.0,2.0,0.0,2.0,0.0,0.0,0.0
288,25,Huautla,-98.286821,21.031387,08/2020,7,3.0,1.0,0.0,0.0,0.0,0.0,0.0,0.0
289,25,Huautla,-98.286821,21.031387,09/2020,13,2.0,8.0,2.0,0.0,2.0,0.0,0.0,0.0
290,25,Huautla,-98.286821,21.031387,10/2020,14,4.0,5.0,3.0,0.0,3.0,0.0,0.0,0.0
291,25,Huautla,-98.286821,21.031387,11/2020,6,1.0,2.0,2.0,1.0,1.0,0.0,0.0,0.0
292,25,Huautla,-98.286821,21.031387,12/2020,15,4.0,3.0,6.0,3.0,3.0,2.0,1.0,1.0
293,26,Huazalingo,-98.507748,20.980303,01/2020,4,0.0,0.0,0.0,0.0,0.0,0.0,0.0,0.0
294,26,Huazalingo,-98.507748,20.980303,01/2021,1,0.0,1.0,0.0,0.0,0.0,0.0,0.0,0.0
295,26,Huazalingo,-98.507748,20.980303,06/2020,4,0.0,1.0,0.0,0.0,0.0,0.0,0.0,0.0
296,26,Huazalingo,-98.507748,20.980303,07/2020,3,0.0,1.0,0.0,0.0,0.0,0.0,0.0,0.0
297,26,Huazalingo,-98.507748,20.980303,08/2020,4,0.0,2.0,2.0,0.0,2.0,0.0,0.0,0.0
298,26,Huazalingo,-98.507748,20.980303,09/2020,8,0.0,0.0,0.0,0.0,0.0,0.0,0.0,0.0
299,26,Huazalingo,-98.507748,20.980303,10/2020,7,0.0,2.0,2.0,0.0,2.0,0.0,0.0,0.0
300,26,Huazalingo,-98.507748,20.980303,11/2020,10,2.0,3.0,0.0,0.0,0.0,0.0,0.0,0.0
301,26,Huazalingo,-98.507748,20.980303,12/2020,7,1.0,2.0,2.0,1.0,1.0,0.0,0.0,0.0
302,27,Huehuetla,-98.078424,20.460306,01/2021,1,0.0,1.0,0.0,0.0,0.0,0.0,0.0,0.0
303,27,Huehuetla,-98.078424,20.460306,02/2020,1,0.0,0.0,1.0,1.0,0.0,0.0,0.0,0.0
304,27,Huehuetla,-98.078424,20.460306,04/2020,6,0.0,0.0,0.0,0.0,0.0,0.0,0.0,0.0
305,27,Huehuetla,-98.078424,20.460306,05/2020,3,2.0,0.0,1.0,1.0,0.0,0.0,0.0,0.0
306,27,Huehuetla,-98.078424,20.460306,06/2020,13,2.0,3.0,3.0,2.0,1.0,0.0,0.0,0.0
307,27,Huehuetla,-98.078424,20.460306,07/2020,10,3.0,4.0,2.0,1.0,1.0,0.0,0.0,0.0
308,27,Huehuetla,-98.078424,20.460306,08/2020,38,6.0,17.0,5.0,1.0,4.0,0.0,0.0,0.0
309,27,Huehuetla,-98.078424,20.460306,09/2020,36,6.0,9.0,3.0,0.0,3.0,0.0,0.0,0.0
310,27,Huehuetla,-98.078424,20.460306,10/2020,23,3.0,0.0,0.0,0.0,0.0,0.0,0.0,0.0
311,27,Huehuetla,-98.078424,20.460306,11/2020,26,6.0,7.0,1.0,1.0,0.0,0.0,0.0,0.0
312,27,Huehuetla,-98.078424,20.460306,12/2020,7,2.0,2.0,2.0,0.0,2.0,0.0,0.0,0.0
313,28,Huejutla de Reyes,-98.420595,21.139212,01/2020,8,0.0,0.0,0.0,0.0,0.0,0.0,0.0,0.0
314,28,Huejutla de Reyes,-98.420595,21.139212,01/2021,40,10.0,7.0,3.0,0.0,3.0,0.0,0.0,0.0
315,28,Huejutla de Reyes,-98.420595,21.139212,02/2020,11,0.0,0.0,1.0,0.0,1.0,0.0,0.0,0.0
316,28,Huejutla de Reyes,-98.420595,21.139212,03/2020,8,0.0,1.0,0.0,0.0,0.0,0.0,0.0,0.0
317,28,Huejutla de Reyes,-98.420595,21.139212,04/2020,17,3.0,0.0,2.0,1.0,1.0,1.0,1.0,0.0
318,28,Huejutla de Reyes,-98.420595,21.139212,05/2020,79,16.0,30.0,15.0,7.0,8.0,4.0,0.0,4.0
319,28,Huejutla de Reyes,-98.420595,21.139212,06/2020,275,48.0,87.0,24.0,4.0,20.0,4.0,1.0,3.0
320,28,Huejutla de Reyes,-98.420595,21.139212,07/2020,291,48.0,81.0,27.0,10.0,17.0,2.0,1.0,1.0
321,28,Huejutla de Reyes,-98.420595,21.139212,08/2020,137,23.0,30.0,14.0,7.0,7.0,3.0,1.0,2.0
322,28,Huejutla de Reyes,-98.420595,21.139212,09/2020,129,29.0,34.0,11.0,4.0,7.0,3.0,2.0,1.0
323,28,Huejutla de Reyes,-98.420595,21.139212,10/2020,199,27.0,42.0,8.0,2.0,6.0,0.0,0.0,0.0
324,28,Huejutla de Reyes,-98.420595,21.139212,11/2020,184,48.0,37.0,7.0,4.0,3.0,3.0,1.0,2.0
325,28,Huejutla de Reyes,-98.420595,21.139212,12/2020,211,37.0,55.0,16.0,4.0,12.0,0.0,0.0,0.0
326,29,Huichapan,-99.651181,20.375313,01/2020,31,0.0,0.0,1.0,1.0,0.0,0.0,0.0,0.0
327,29,Huichapan,-99.651181,20.375313,01/2021,15,5.0,6.0,3.0,1.0,2.0,0.0,0.0,0.0
328,29,Huichapan,-99.651181,20.375313,02/2020,6,0.0,0.0,1.0,1.0,0.0,0.0,0.0,0.0
329,29,Huichapan,-99.651181,20.375313,03/2020,3,0.0,0.0,1.0,1.0,0.0,0.0,0.0,0.0
330,29,Huichapan,-99.651181,20.375313,04/2020,4,0.0,0.0,1.0,0.0,1.0,0.0,0.0,0.0
331,29,Huichapan,-99.651181,20.375313,05/2020,26,7.0,9.0,7.0,3.0,4.0,2.0,1.0,1.0
332,29,Huichapan,-99.651181,20.375313,06/2020,34,8.0,11.0,4.0,2.0,2.0,3.0,1.0,2.0
333,29,Huichapan,-99.651181,20.375313,07/2020,66,17.0,17.0,5.0,3.0,2.0,2.0,0.0,2.0
334,29,Huichapan,-99.651181,20.375313,08/2020,63,13.0,20.0,2.0,0.0,2.0,3.0,2.0,1.0
335,29,Huichapan,-99.651181,20.375313,09/2020,58,13.0,11.0,2.0,2.0,0.0,1.0,1.0,0.0
336,29,Huichapan,-99.651181,20.375313,10/2020,76,15.0,14.0,2.0,1.0,1.0,1.0,0.0,1.0
337,29,Huichapan,-99.651181,20.375313,11/2020,93,39.0,26.0,3.0,1.0,2.0,4.0,2.0,2.0
338,29,Huichapan,-99.651181,20.375313,12/2020,145,54.0,50.0,13.0,4.0,9.0,4.0,1.0,3.0
339,30,Ixmiquilpan,-99.218774,20.484868,01/2020,8,0.0,0.0,3.0,0.0,3.0,0.0,0.0,0.0
340,30,Ixmiquilpan,-99.218774,20.484868,01/2021,23,10.0,4.0,4.0,2.0,2.0,0.0,0.0,0.0
341,30,Ixmiquilpan,-99.218774,20.484868,02/2020,21,0.0,0.0,1.0,0.0,1.0,0.0,0.0,0.0
342,30,Ixmiquilpan,-99.218774,20.484868,03/2020,6,0.0,0.0,2.0,2.0,0.0,0.0,0.0,0.0
343,30,Ixmiquilpan,-99.218774,20.484868,04/2020,11,0.0,0.0,2.0,0.0,2.0,0.0,0.0,0.0
344,30,Ixmiquilpan,-99.218774,20.484868,05/2020,33,5.0,9.0,7.0,4.0,3.0,1.0,0.0,1.0
345,30,Ixmiquilpan,-99.218774,20.484868,06/2020,58,13.0,22.0,12.0,3.0,9.0,0.0,0.0,0.0
346,30,Ixmiquilpan,-99.218774,20.484868,07/2020,143,45.0,56.0,23.0,5.0,18.0,0.0,0.0,0.0
347,30,Ixmiquilpan,-99.218774,20.484868,08/2020,119,36.0,28.0,10.0,3.0,7.0,1.0,1.0,0.0
348,30,Ixmiquilpan,-99.218774,20.484868,09/2020,85,18.0,19.0,9.0,2.0,7.0,1.0,0.0,1.0
349,30,Ixmiquilpan,-99.218774,20.484868,10/2020,107,20.0,34.0,6.0,0.0,6.0,1.0,0.0,1.0
350,30,Ixmiquilpan,-99.218774,20.484868,11/2020,151,51.0,48.0,17.0,5.0,12.0,5.0,3.0,2.0
351,30,Ixmiquilpan,-99.218774,20.484868,12/2020,133,32.0,51.0,20.0,7.0,13.0,8.0,2.0,6.0
352,31,Jacala de Ledezma,-99.188569,21.008296,01/2021,2,0.0,0.0,1.0,0.0,1.0,0.0,0.0,0.0
353,31,Jacala de Ledezma,-99.188569,21.008296,02/2020,1,0.0,0.0,0.0,0.0,0.0,0.0,0.0,0.0
354,31,Jacala de Ledezma,-99.188569,21.008296,04/2020,2,0.0,1.0,0.0,0.0,0.0,0.0,0.0,0.0
355,31,Jacala de Ledezma,-99.188569,21.008296,05/2020,3,1.0,1.0,1.0,0.0,1.0,0.0,0.0,0.0
356,31,Jacala de Ledezma,-99.188569,21.008296,06/2020,1,0.0,0.0,0.0,0.0,0.0,0.0,0.0,0.0
357,31,Jacala de Ledezma,-99.188569,21.008296,07/2020,3,0.0,0.0,0.0,0.0,0.0,0.0,0.0,0.0
358,31,Jacala de Ledezma,-99.188569,21.008296,08/2020,3,1.0,0.0,0.0,0.0,0.0,0.0,0.0,0.0
359,31,Jacala de Ledezma,-99.188569,21.008296,09/2020,8,1.0,0.0,2.0,0.0,2.0,0.0,0.0,0.0
360,31,Jacala de Ledezma,-99.188569,21.008296,10/2020,7,1.0,4.0,2.0,0.0,2.0,1.0,0.0,1.0
361,31,Jacala de Ledezma,-99.188569,21.008296,11/2020,2,0.0,1.0,0.0,0.0,0.0,1.0,0.0,1.0
362,31,Jacala de Ledezma,-99.188569,21.008296,12/2020,10,2.0,2.0,2.0,1.0,1.0,2.0,1.0,1.0
363,32,JaltocÃ¡n,-98.538324,21.133132,05/2020,1,0.0,0.0,0.0,0.0,0.0,0.0,0.0,0.0
364,32,JaltocÃ¡n,-98.538324,21.133132,06/2020,34,5.0,10.0,3.0,0.0,3.0,0.0,0.0,0.0
365,32,JaltocÃ¡n,-98.538324,21.133132,07/2020,7,2.0,2.0,2.0,0.0,2.0,0.0,0.0,0.0
366,32,JaltocÃ¡n,-98.538324,21.133132,08/2020,3,3.0,0.0,0.0,0.0,0.0,0.0,0.0,0.0
367,32,JaltocÃ¡n,-98.538324,21.133132,09/2020,5,2.0,1.0,0.0,0.0,0.0,0.0,0.0,0.0
368,32,JaltocÃ¡n,-98.538324,21.133132,10/2020,11,3.0,5.0,3.0,0.0,3.0,0.0,0.0,0.0
369,32,JaltocÃ¡n,-98.538324,21.133132,11/2020,26,6.0,7.0,2.0,0.0,2.0,0.0,0.0,0.0
370,32,JaltocÃ¡n,-98.538324,21.133132,12/2020,11,4.0,1.0,1.0,1.0,0.0,0.0,0.0,0.0
371,33,JuÃ¡rez Hidalgo,-98.828861,20.783717000000006,01/2021,1,0.0,1.0,1.0,0.0,1.0,0.0,0.0,0.0
372,33,JuÃ¡rez Hidalgo,-98.828861,20.783717000000006,03/2020,3,0.0,0.0,0.0,0.0,0.0,0.0,0.0,0.0
373,33,JuÃ¡rez Hidalgo,-98.828861,20.783717000000006,05/2020,18,6.0,7.0,7.0,4.0,3.0,2.0,1.0,1.0
374,33,JuÃ¡rez Hidalgo,-98.828861,20.783717000000006,06/2020,22,5.0,9.0,5.0,2.0,3.0,1.0,0.0,1.0
375,33,JuÃ¡rez Hidalgo,-98.828861,20.783717000000006,07/2020,9,1.0,3.0,2.0,0.0,2.0,1.0,0.0,1.0
376,33,JuÃ¡rez Hidalgo,-98.828861,20.783717000000006,08/2020,9,0.0,3.0,4.0,0.0,4.0,1.0,0.0,1.0
377,33,JuÃ¡rez Hidalgo,-98.828861,20.783717000000006,09/2020,8,1.0,1.0,1.0,0.0,1.0,0.0,0.0,0.0
378,33,JuÃ¡rez Hidalgo,-98.828861,20.783717000000006,10/2020,7,1.0,3.0,1.0,1.0,0.0,0.0,0.0,0.0
379,33,JuÃ¡rez Hidalgo,-98.828861,20.783717000000006,11/2020,15,3.0,3.0,2.0,0.0,2.0,0.0,0.0,0.0
380,33,JuÃ¡rez Hidalgo,-98.828861,20.783717000000006,12/2020,22,8.0,6.0,8.0,5.0,3.0,2.0,1.0,1.0
381,40,La MisiÃ³n,-99.123187,21.099419,01/2020,1,0.0,0.0,0.0,0.0,0.0,0.0,0.0,0.0
382,40,La MisiÃ³n,-99.123187,21.099419,03/2020,1,0.0,0.0,0.0,0.0,0.0,0.0,0.0,0.0
383,40,La MisiÃ³n,-99.123187,21.099419,06/2020,1,0.0,0.0,1.0,0.0,1.0,0.0,0.0,0.0
384,40,La MisiÃ³n,-99.123187,21.099419,08/2020,3,1.0,1.0,0.0,0.0,0.0,0.0,0.0,0.0
385,40,La MisiÃ³n,-99.123187,21.099419,09/2020,3,1.0,2.0,2.0,0.0,2.0,0.0,0.0,0.0
386,40,La MisiÃ³n,-99.123187,21.099419,10/2020,2,0.0,0.0,0.0,0.0,0.0,0.0,0.0,0.0
387,40,La MisiÃ³n,-99.123187,21.099419,11/2020,4,2.0,1.0,2.0,1.0,1.0,2.0,1.0,1.0
388,40,La MisiÃ³n,-99.123187,21.099419,12/2020,6,0.0,6.0,1.0,0.0,1.0,0.0,0.0,0.0
389,34,Lolotla,-98.717289,20.841164000000006,01/2020,1,0.0,0.0,0.0,0.0,0.0,0.0,0.0,0.0
390,34,Lolotla,-98.717289,20.841164000000006,01/2021,1,0.0,0.0,0.0,0.0,0.0,0.0,0.0,0.0
391,34,Lolotla,-98.717289,20.841164000000006,02/2020,1,0.0,0.0,0.0,0.0,0.0,0.0,0.0,0.0
392,34,Lolotla,-98.717289,20.841164000000006,04/2020,3,0.0,0.0,1.0,0.0,1.0,0.0,0.0,0.0
393,34,Lolotla,-98.717289,20.841164000000006,05/2020,3,1.0,0.0,1.0,1.0,0.0,0.0,0.0,0.0
394,34,Lolotla,-98.717289,20.841164000000006,06/2020,3,0.0,1.0,2.0,0.0,2.0,0.0,0.0,0.0
395,34,Lolotla,-98.717289,20.841164000000006,07/2020,5,1.0,2.0,0.0,0.0,0.0,0.0,0.0,0.0
396,34,Lolotla,-98.717289,20.841164000000006,08/2020,11,3.0,3.0,4.0,1.0,3.0,1.0,0.0,1.0
397,34,Lolotla,-98.717289,20.841164000000006,09/2020,1,0.0,1.0,0.0,0.0,0.0,0.0,0.0,0.0
398,34,Lolotla,-98.717289,20.841164000000006,10/2020,4,1.0,1.0,0.0,0.0,0.0,0.0,0.0,0.0
399,34,Lolotla,-98.717289,20.841164000000006,11/2020,7,1.0,1.0,2.0,1.0,1.0,1.0,0.0,1.0
400,34,Lolotla,-98.717289,20.841164000000006,12/2020,12,3.0,7.0,4.0,1.0,3.0,1.0,0.0,1.0
401,35,Metepec,-98.322164,20.23841,01/2021,3,2.0,1.0,1.0,1.0,0.0,0.0,0.0,0.0
402,35,Metepec,-98.322164,20.23841,03/2020,2,0.0,0.0,0.0,0.0,0.0,0.0,0.0,0.0
403,35,Metepec,-98.322164,20.23841,04/2020,1,0.0,0.0,0.0,0.0,0.0,0.0,0.0,0.0
404,35,Metepec,-98.322164,20.23841,05/2020,4,1.0,0.0,0.0,0.0,0.0,0.0,0.0,0.0
405,35,Metepec,-98.322164,20.23841,06/2020,21,5.0,10.0,4.0,0.0,4.0,0.0,0.0,0.0
406,35,Metepec,-98.322164,20.23841,07/2020,18,7.0,2.0,1.0,0.0,1.0,0.0,0.0,0.0
407,35,Metepec,-98.322164,20.23841,08/2020,13,2.0,5.0,1.0,0.0,1.0,0.0,0.0,0.0
408,35,Metepec,-98.322164,20.23841,09/2020,12,2.0,1.0,1.0,0.0,1.0,0.0,0.0,0.0
409,35,Metepec,-98.322164,20.23841,10/2020,12,0.0,3.0,0.0,0.0,0.0,0.0,0.0,0.0
410,35,Metepec,-98.322164,20.23841,11/2020,15,5.0,4.0,3.0,1.0,2.0,3.0,1.0,2.0
411,35,Metepec,-98.322164,20.23841,12/2020,24,9.0,7.0,3.0,2.0,1.0,2.0,0.0,2.0
412,37,MetztitlÃ¡n,-98.764144,20.5947,01/2021,3,2.0,1.0,0.0,0.0,0.0,0.0,0.0,0.0
413,37,MetztitlÃ¡n,-98.764144,20.5947,02/2020,2,0.0,0.0,0.0,0.0,0.0,0.0,0.0,0.0
414,37,MetztitlÃ¡n,-98.764144,20.5947,03/2020,1,0.0,0.0,0.0,0.0,0.0,0.0,0.0,0.0
415,37,MetztitlÃ¡n,-98.764144,20.5947,04/2020,6,1.0,3.0,2.0,0.0,2.0,1.0,0.0,1.0
416,37,MetztitlÃ¡n,-98.764144,20.5947,05/2020,6,1.0,1.0,1.0,0.0,1.0,1.0,0.0,1.0
417,37,MetztitlÃ¡n,-98.764144,20.5947,06/2020,5,0.0,1.0,0.0,0.0,0.0,0.0,0.0,0.0
418,37,MetztitlÃ¡n,-98.764144,20.5947,07/2020,4,1.0,0.0,0.0,0.0,0.0,0.0,0.0,0.0
419,37,MetztitlÃ¡n,-98.764144,20.5947,08/2020,11,2.0,5.0,1.0,0.0,1.0,0.0,0.0,0.0
420,37,MetztitlÃ¡n,-98.764144,20.5947,09/2020,7,1.0,2.0,2.0,0.0,2.0,0.0,0.0,0.0
421,37,MetztitlÃ¡n,-98.764144,20.5947,10/2020,10,3.0,1.0,0.0,0.0,0.0,0.0,0.0,0.0
422,37,MetztitlÃ¡n,-98.764144,20.5947,11/2020,12,4.0,3.0,3.0,1.0,2.0,2.0,1.0,1.0
423,37,MetztitlÃ¡n,-98.764144,20.5947,12/2020,12,3.0,7.0,3.0,2.0,1.0,0.0,0.0,0.0
424,51,Mineral de la Reforma,-98.696035,20.072371,01/2020,33,0.0,0.0,1.0,0.0,1.0,0.0,0.0,0.0
425,51,Mineral de la Reforma,-98.696035,20.072371,01/2021,241,93.0,78.0,22.0,12.0,10.0,3.0,0.0,3.0
426,51,Mineral de la Reforma,-98.696035,20.072371,02/2020,16,0.0,0.0,1.0,1.0,0.0,0.0,0.0,0.0
427,51,Mineral de la Reforma,-98.696035,20.072371,03/2020,62,3.0,3.0,2.0,0.0,2.0,1.0,0.0,1.0
428,51,Mineral de la Reforma,-98.696035,20.072371,04/2020,80,4.0,21.0,5.0,1.0,4.0,3.0,0.0,3.0
429,51,Mineral de la Reforma,-98.696035,20.072371,05/2020,211,56.0,68.0,17.0,10.0,7.0,3.0,2.0,1.0
430,51,Mineral de la Reforma,-98.696035,20.072371,06/2020,278,77.0,67.0,14.0,7.0,7.0,3.0,1.0,2.0
431,51,Mineral de la Reforma,-98.696035,20.072371,07/2020,461,144.0,117.0,31.0,16.0,15.0,3.0,1.0,2.0
432,51,Mineral de la Reforma,-98.696035,20.072371,08/2020,607,208.0,163.0,36.0,14.0,22.0,2.0,1.0,1.0
433,51,Mineral de la Reforma,-98.696035,20.072371,09/2020,514,138.0,138.0,30.0,12.0,18.0,3.0,0.0,3.0
434,51,Mineral de la Reforma,-98.696035,20.072371,10/2020,702,173.0,161.0,39.0,14.0,25.0,6.0,2.0,4.0
435,51,Mineral de la Reforma,-98.696035,20.072371,11/2020,730,189.0,216.0,45.0,11.0,34.0,10.0,1.0,9.0
436,51,Mineral de la Reforma,-98.696035,20.072371,12/2020,1091,312.0,304.0,80.0,31.0,49.0,9.0,4.0,5.0
437,38,Mineral del Chico,-98.731229,20.215571,01/2020,1,0.0,0.0,0.0,0.0,0.0,0.0,0.0,0.0
438,38,Mineral del Chico,-98.731229,20.215571,01/2021,4,1.0,2.0,1.0,0.0,1.0,0.0,0.0,0.0
439,38,Mineral del Chico,-98.731229,20.215571,02/2020,2,0.0,0.0,0.0,0.0,0.0,0.0,0.0,0.0
440,38,Mineral del Chico,-98.731229,20.215571,04/2020,1,0.0,0.0,0.0,0.0,0.0,0.0,0.0,0.0
441,38,Mineral del Chico,-98.731229,20.215571,05/2020,8,1.0,4.0,1.0,1.0,0.0,2.0,1.0,1.0
442,38,Mineral del Chico,-98.731229,20.215571,06/2020,5,0.0,2.0,0.0,0.0,0.0,0.0,0.0,0.0
443,38,Mineral del Chico,-98.731229,20.215571,07/2020,8,0.0,4.0,0.0,0.0,0.0,0.0,0.0,0.0
444,38,Mineral del Chico,-98.731229,20.215571,08/2020,7,2.0,0.0,1.0,0.0,1.0,0.0,0.0,0.0
445,38,Mineral del Chico,-98.731229,20.215571,09/2020,15,1.0,5.0,1.0,1.0,0.0,0.0,0.0,0.0
446,38,Mineral del Chico,-98.731229,20.215571,10/2020,4,0.0,0.0,0.0,0.0,0.0,0.0,0.0,0.0
447,38,Mineral del Chico,-98.731229,20.215571,11/2020,8,1.0,5.0,1.0,0.0,1.0,0.0,0.0,0.0
448,38,Mineral del Chico,-98.731229,20.215571,12/2020,17,3.0,4.0,0.0,0.0,0.0,0.0,0.0,0.0
449,39,Mineral del Monte,-98.67153,20.140491,01/2020,2,0.0,0.0,0.0,0.0,0.0,0.0,0.0,0.0
450,39,Mineral del Monte,-98.67153,20.140491,01/2021,13,4.0,5.0,2.0,0.0,2.0,0.0,0.0,0.0
451,39,Mineral del Monte,-98.67153,20.140491,02/2020,3,0.0,0.0,0.0,0.0,0.0,0.0,0.0,0.0
452,39,Mineral del Monte,-98.67153,20.140491,03/2020,5,0.0,0.0,0.0,0.0,0.0,0.0,0.0,0.0
453,39,Mineral del Monte,-98.67153,20.140491,04/2020,4,1.0,1.0,2.0,1.0,1.0,1.0,0.0,1.0
454,39,Mineral del Monte,-98.67153,20.140491,05/2020,19,7.0,5.0,2.0,1.0,1.0,1.0,1.0,0.0
455,39,Mineral del Monte,-98.67153,20.140491,06/2020,17,4.0,5.0,1.0,0.0,1.0,0.0,0.0,0.0
456,39,Mineral del Monte,-98.67153,20.140491,07/2020,25,7.0,6.0,3.0,1.0,2.0,0.0,0.0,0.0
457,39,Mineral del Monte,-98.67153,20.140491,08/2020,54,19.0,15.0,7.0,2.0,5.0,1.0,1.0,0.0
458,39,Mineral del Monte,-98.67153,20.140491,09/2020,17,4.0,8.0,1.0,0.0,1.0,0.0,0.0,0.0
459,39,Mineral del Monte,-98.67153,20.140491,10/2020,23,1.0,13.0,1.0,0.0,1.0,0.0,0.0,0.0
460,39,Mineral del Monte,-98.67153,20.140491,11/2020,25,10.0,6.0,3.0,1.0,2.0,1.0,0.0,1.0
461,39,Mineral del Monte,-98.67153,20.140491,12/2020,78,34.0,24.0,8.0,1.0,7.0,1.0,1.0,0.0
462,41,Mixquiahuala de JuÃ¡rez,-99.213798,20.22938,01/2020,5,0.0,0.0,0.0,0.0,0.0,0.0,0.0,0.0
463,41,Mixquiahuala de JuÃ¡rez,-99.213798,20.22938,01/2021,10,5.0,4.0,0.0,0.0,0.0,0.0,0.0,0.0
464,41,Mixquiahuala de JuÃ¡rez,-99.213798,20.22938,02/2020,3,0.0,0.0,0.0,0.0,0.0,0.0,0.0,0.0
465,41,Mixquiahuala de JuÃ¡rez,-99.213798,20.22938,03/2020,2,0.0,0.0,0.0,0.0,0.0,0.0,0.0,0.0
466,41,Mixquiahuala de JuÃ¡rez,-99.213798,20.22938,04/2020,12,0.0,4.0,2.0,0.0,2.0,0.0,0.0,0.0
467,41,Mixquiahuala de JuÃ¡rez,-99.213798,20.22938,05/2020,28,10.0,10.0,6.0,2.0,4.0,0.0,0.0,0.0
468,41,Mixquiahuala de JuÃ¡rez,-99.213798,20.22938,06/2020,37,7.0,13.0,5.0,0.0,5.0,1.0,1.0,0.0
469,41,Mixquiahuala de JuÃ¡rez,-99.213798,20.22938,07/2020,56,18.0,23.0,12.0,2.0,10.0,0.0,0.0,0.0
470,41,Mixquiahuala de JuÃ¡rez,-99.213798,20.22938,08/2020,90,27.0,35.0,19.0,8.0,11.0,2.0,0.0,2.0
471,41,Mixquiahuala de JuÃ¡rez,-99.213798,20.22938,09/2020,76,23.0,28.0,10.0,5.0,5.0,1.0,1.0,0.0
472,41,Mixquiahuala de JuÃ¡rez,-99.213798,20.22938,10/2020,63,14.0,21.0,9.0,2.0,7.0,2.0,1.0,1.0
473,41,Mixquiahuala de JuÃ¡rez,-99.213798,20.22938,11/2020,89,41.0,29.0,12.0,3.0,9.0,4.0,1.0,3.0
474,41,Mixquiahuala de JuÃ¡rez,-99.213798,20.22938,12/2020,90,33.0,31.0,10.0,5.0,5.0,0.0,0.0,0.0
475,42,Molango de Escamilla,-98.730814,20.786498,01/2020,4,0.0,0.0,0.0,0.0,0.0,0.0,0.0,0.0
476,42,Molango de Escamilla,-98.730814,20.786498,01/2021,1,0.0,0.0,0.0,0.0,0.0,0.0,0.0,0.0
477,42,Molango de Escamilla,-98.730814,20.786498,02/2020,2,0.0,0.0,0.0,0.0,0.0,0.0,0.0,0.0
478,42,Molango de Escamilla,-98.730814,20.786498,03/2020,4,0.0,0.0,0.0,0.0,0.0,0.0,0.0,0.0
479,42,Molango de Escamilla,-98.730814,20.786498,04/2020,3,0.0,0.0,0.0,0.0,0.0,0.0,0.0,0.0
480,42,Molango de Escamilla,-98.730814,20.786498,05/2020,9,0.0,0.0,0.0,0.0,0.0,0.0,0.0,0.0
481,42,Molango de Escamilla,-98.730814,20.786498,06/2020,8,1.0,1.0,1.0,0.0,1.0,0.0,0.0,0.0
482,42,Molango de Escamilla,-98.730814,20.786498,07/2020,1,0.0,0.0,0.0,0.0,0.0,0.0,0.0,0.0
483,42,Molango de Escamilla,-98.730814,20.786498,08/2020,12,1.0,2.0,1.0,0.0,1.0,0.0,0.0,0.0
484,42,Molango de Escamilla,-98.730814,20.786498,09/2020,10,0.0,2.0,1.0,0.0,1.0,0.0,0.0,0.0
485,42,Molango de Escamilla,-98.730814,20.786498,10/2020,67,17.0,21.0,2.0,1.0,1.0,1.0,1.0,0.0
486,42,Molango de Escamilla,-98.730814,20.786498,11/2020,73,13.0,32.0,5.0,2.0,3.0,3.0,1.0,2.0
487,42,Molango de Escamilla,-98.730814,20.786498,12/2020,33,10.0,8.0,1.0,0.0,1.0,1.0,1.0,0.0
488,43,NicolÃ¡s Flores,-99.150556,20.767778,03/2020,1,0.0,0.0,0.0,0.0,0.0,0.0,0.0,0.0
489,43,NicolÃ¡s Flores,-99.150556,20.767778,06/2020,3,0.0,2.0,1.0,0.0,1.0,0.0,0.0,0.0
490,43,NicolÃ¡s Flores,-99.150556,20.767778,07/2020,5,3.0,0.0,0.0,0.0,0.0,0.0,0.0,0.0
491,43,NicolÃ¡s Flores,-99.150556,20.767778,08/2020,3,1.0,0.0,0.0,0.0,0.0,0.0,0.0,0.0
492,43,NicolÃ¡s Flores,-99.150556,20.767778,09/2020,1,1.0,0.0,0.0,0.0,0.0,0.0,0.0,0.0
493,43,NicolÃ¡s Flores,-99.150556,20.767778,10/2020,2,0.0,0.0,0.0,0.0,0.0,0.0,0.0,0.0
494,43,NicolÃ¡s Flores,-99.150556,20.767778,11/2020,1,0.0,0.0,0.0,0.0,0.0,0.0,0.0,0.0
495,43,NicolÃ¡s Flores,-99.150556,20.767778,12/2020,4,1.0,0.0,0.0,0.0,0.0,0.0,0.0,0.0
496,44,Nopala de VillagrÃ¡n,-99.644238,20.25189,01/2021,3,0.0,0.0,0.0,0.0,0.0,0.0,0.0,0.0
497,44,Nopala de VillagrÃ¡n,-99.644238,20.25189,04/2020,1,0.0,0.0,0.0,0.0,0.0,0.0,0.0,0.0
498,44,Nopala de VillagrÃ¡n,-99.644238,20.25189,05/2020,3,0.0,0.0,0.0,0.0,0.0,0.0,0.0,0.0
499,44,Nopala de VillagrÃ¡n,-99.644238,20.25189,06/2020,5,1.0,1.0,0.0,0.0,0.0,0.0,0.0,0.0
500,44,Nopala de VillagrÃ¡n,-99.644238,20.25189,07/2020,12,2.0,5.0,1.0,0.0,1.0,0.0,0.0,0.0
501,44,Nopala de VillagrÃ¡n,-99.644238,20.25189,08/2020,29,6.0,10.0,0.0,0.0,0.0,0.0,0.0,0.0
502,44,Nopala de VillagrÃ¡n,-99.644238,20.25189,09/2020,26,13.0,3.0,0.0,0.0,0.0,0.0,0.0,0.0
503,44,Nopala de VillagrÃ¡n,-99.644238,20.25189,10/2020,18,6.0,5.0,0.0,0.0,0.0,1.0,1.0,0.0
504,44,Nopala de VillagrÃ¡n,-99.644238,20.25189,11/2020,10,3.0,4.0,3.0,2.0,1.0,2.0,1.0,1.0
505,44,Nopala de VillagrÃ¡n,-99.644238,20.25189,12/2020,35,5.0,15.0,2.0,0.0,2.0,0.0,0.0,0.0
506,45,OmitlÃ¡n de JuÃ¡rez,-98.648639,20.1695,01/2021,1,1.0,0.0,0.0,0.0,0.0,0.0,0.0,0.0
507,45,OmitlÃ¡n de JuÃ¡rez,-98.648639,20.1695,03/2020,2,0.0,0.0,0.0,0.0,0.0,0.0,0.0,0.0
508,45,OmitlÃ¡n de JuÃ¡rez,-98.648639,20.1695,05/2020,8,4.0,1.0,0.0,0.0,0.0,1.0,1.0,0.0
509,45,OmitlÃ¡n de JuÃ¡rez,-98.648639,20.1695,06/2020,5,1.0,1.0,0.0,0.0,0.0,0.0,0.0,0.0
510,45,OmitlÃ¡n de JuÃ¡rez,-98.648639,20.1695,07/2020,7,4.0,1.0,2.0,2.0,0.0,0.0,0.0,0.0
511,45,OmitlÃ¡n de JuÃ¡rez,-98.648639,20.1695,08/2020,6,3.0,1.0,1.0,1.0,0.0,1.0,1.0,0.0
512,45,OmitlÃ¡n de JuÃ¡rez,-98.648639,20.1695,09/2020,15,4.0,5.0,3.0,1.0,2.0,0.0,0.0,0.0
513,45,OmitlÃ¡n de JuÃ¡rez,-98.648639,20.1695,10/2020,20,9.0,5.0,1.0,1.0,0.0,2.0,1.0,1.0
514,45,OmitlÃ¡n de JuÃ¡rez,-98.648639,20.1695,11/2020,19,7.0,6.0,4.0,2.0,2.0,1.0,1.0,0.0
515,45,OmitlÃ¡n de JuÃ¡rez,-98.648639,20.1695,12/2020,9,3.0,5.0,2.0,0.0,2.0,1.0,0.0,1.0
516,48,Pachuca de Soto,-98.737001,20.12236,01/2020,84,0.0,0.0,5.0,3.0,2.0,0.0,0.0,0.0
517,48,Pachuca de Soto,-98.737001,20.12236,01/2021,454,161.0,157.0,67.0,22.0,45.0,12.0,4.0,8.0
518,48,Pachuca de Soto,-98.737001,20.12236,02/2020,66,0.0,1.0,4.0,2.0,2.0,1.0,0.0,1.0
519,48,Pachuca de Soto,-98.737001,20.12236,02/2021,1,0.0,1.0,1.0,0.0,1.0,0.0,0.0,0.0
520,48,Pachuca de Soto,-98.737001,20.12236,03/2020,198,7.0,10.0,10.0,1.0,9.0,3.0,0.0,3.0
521,48,Pachuca de Soto,-98.737001,20.12236,04/2020,267,31.0,48.0,26.0,9.0,17.0,5.0,2.0,3.0
522,48,Pachuca de Soto,-98.737001,20.12236,05/2020,795,200.0,241.0,87.0,29.0,58.0,18.0,1.0,17.0
523,48,Pachuca de Soto,-98.737001,20.12236,06/2020,1031,223.0,250.0,74.0,30.0,44.0,12.0,4.0,8.0
524,48,Pachuca de Soto,-98.737001,20.12236,07/2020,1166,283.0,342.0,61.0,21.0,40.0,4.0,1.0,3.0
525,48,Pachuca de Soto,-98.737001,20.12236,08/2020,1251,355.0,332.0,96.0,40.0,56.0,8.0,2.0,6.0
526,48,Pachuca de Soto,-98.737001,20.12236,09/2020,1044,244.0,283.0,63.0,21.0,42.0,16.0,6.0,10.0
527,48,Pachuca de Soto,-98.737001,20.12236,10/2020,1425,317.0,362.0,75.0,25.0,50.0,18.0,6.0,12.0
528,48,Pachuca de Soto,-98.737001,20.12236,11/2020,1561,415.0,451.0,127.0,39.0,88.0,26.0,8.0,18.0
529,48,Pachuca de Soto,-98.737001,20.12236,12/2020,2176,611.0,607.0,206.0,70.0,136.0,32.0,9.0,23.0
530,47,Pacula,-99.296099,21.050821,06/2020,1,0.0,0.0,0.0,0.0,0.0,0.0,0.0,0.0
531,47,Pacula,-99.296099,21.050821,08/2020,2,1.0,0.0,1.0,1.0,0.0,0.0,0.0,0.0
532,47,Pacula,-99.296099,21.050821,09/2020,2,0.0,1.0,0.0,0.0,0.0,0.0,0.0,0.0
533,47,Pacula,-99.296099,21.050821,10/2020,3,0.0,1.0,0.0,0.0,0.0,0.0,0.0,0.0
534,47,Pacula,-99.296099,21.050821,11/2020,3,0.0,3.0,1.0,0.0,1.0,0.0,0.0,0.0
535,47,Pacula,-99.296099,21.050821,12/2020,3,0.0,1.0,0.0,0.0,0.0,0.0,0.0,0.0
536,49,Pisaflores,-99.005997,21.194782,01/2020,3,0.0,0.0,0.0,0.0,0.0,0.0,0.0,0.0
537,49,Pisaflores,-99.005997,21.194782,01/2021,1,0.0,0.0,0.0,0.0,0.0,0.0,0.0,0.0
538,49,Pisaflores,-99.005997,21.194782,02/2020,2,0.0,0.0,1.0,0.0,1.0,0.0,0.0,0.0
539,49,Pisaflores,-99.005997,21.194782,04/2020,1,0.0,0.0,0.0,0.0,0.0,0.0,0.0,0.0
540,49,Pisaflores,-99.005997,21.194782,05/2020,2,1.0,0.0,2.0,2.0,0.0,0.0,0.0,0.0
541,49,Pisaflores,-99.005997,21.194782,06/2020,3,2.0,0.0,0.0,0.0,0.0,0.0,0.0,0.0
542,49,Pisaflores,-99.005997,21.194782,07/2020,3,0.0,0.0,1.0,1.0,0.0,0.0,0.0,0.0
543,49,Pisaflores,-99.005997,21.194782,08/2020,1,0.0,0.0,0.0,0.0,0.0,1.0,1.0,0.0
544,49,Pisaflores,-99.005997,21.194782,09/2020,6,0.0,1.0,2.0,0.0,2.0,0.0,0.0,0.0
545,49,Pisaflores,-99.005997,21.194782,10/2020,1,0.0,0.0,0.0,0.0,0.0,0.0,0.0,0.0
546,49,Pisaflores,-99.005997,21.194782,11/2020,1,0.0,1.0,0.0,0.0,0.0,0.0,0.0,0.0
547,49,Pisaflores,-99.005997,21.194782,12/2020,6,1.0,0.0,0.0,0.0,0.0,2.0,1.0,1.0
548,50,Progreso de ObregÃ³n,-99.189359,20.248195000000006,01/2020,7,0.0,0.0,0.0,0.0,0.0,0.0,0.0,0.0
549,50,Progreso de ObregÃ³n,-99.189359,20.248195000000006,01/2021,13,8.0,1.0,2.0,1.0,1.0,1.0,1.0,0.0
550,50,Progreso de ObregÃ³n,-99.189359,20.248195000000006,02/2020,2,0.0,0.0,0.0,0.0,0.0,0.0,0.0,0.0
551,50,Progreso de ObregÃ³n,-99.189359,20.248195000000006,04/2020,6,1.0,1.0,0.0,0.0,0.0,0.0,0.0,0.0
552,50,Progreso de ObregÃ³n,-99.189359,20.248195000000006,05/2020,18,6.0,7.0,3.0,2.0,1.0,0.0,0.0,0.0
553,50,Progreso de ObregÃ³n,-99.189359,20.248195000000006,06/2020,17,4.0,5.0,3.0,1.0,2.0,1.0,1.0,0.0
554,50,Progreso de ObregÃ³n,-99.189359,20.248195000000006,07/2020,36,19.0,11.0,6.0,3.0,3.0,2.0,1.0,1.0
555,50,Progreso de ObregÃ³n,-99.189359,20.248195000000006,08/2020,47,10.0,16.0,7.0,1.0,6.0,1.0,0.0,1.0
556,50,Progreso de ObregÃ³n,-99.189359,20.248195000000006,09/2020,27,6.0,14.0,9.0,2.0,7.0,0.0,0.0,0.0
557,50,Progreso de ObregÃ³n,-99.189359,20.248195000000006,10/2020,42,10.0,15.0,7.0,3.0,4.0,1.0,0.0,1.0
558,50,Progreso de ObregÃ³n,-99.189359,20.248195000000006,11/2020,42,12.0,14.0,6.0,3.0,3.0,3.0,1.0,2.0
559,50,Progreso de ObregÃ³n,-99.189359,20.248195000000006,12/2020,50,19.0,19.0,10.0,4.0,6.0,4.0,1.0,3.0
560,36,San AgustÃ­n MetzquititlÃ¡n,-98.638621,20.532602,01/2021,7,1.0,5.0,2.0,0.0,2.0,0.0,0.0,0.0
561,36,San AgustÃ­n MetzquititlÃ¡n,-98.638621,20.532602,03/2020,1,0.0,0.0,0.0,0.0,0.0,0.0,0.0,0.0
562,36,San AgustÃ­n MetzquititlÃ¡n,-98.638621,20.532602,04/2020,3,2.0,1.0,1.0,1.0,0.0,0.0,0.0,0.0
563,36,San AgustÃ­n MetzquititlÃ¡n,-98.638621,20.532602,05/2020,11,1.0,4.0,2.0,0.0,2.0,0.0,0.0,0.0
564,36,San AgustÃ­n MetzquititlÃ¡n,-98.638621,20.532602,06/2020,11,2.0,6.0,4.0,1.0,3.0,0.0,0.0,0.0
565,36,San AgustÃ­n MetzquititlÃ¡n,-98.638621,20.532602,07/2020,9,3.0,1.0,0.0,0.0,0.0,0.0,0.0,0.0
566,36,San AgustÃ­n MetzquititlÃ¡n,-98.638621,20.532602,08/2020,9,2.0,3.0,1.0,0.0,1.0,0.0,0.0,0.0
567,36,San AgustÃ­n MetzquititlÃ¡n,-98.638621,20.532602,09/2020,10,3.0,0.0,3.0,1.0,2.0,2.0,1.0,1.0
568,36,San AgustÃ­n MetzquititlÃ¡n,-98.638621,20.532602,10/2020,13,6.0,4.0,1.0,1.0,0.0,1.0,1.0,0.0
569,36,San AgustÃ­n MetzquititlÃ¡n,-98.638621,20.532602,11/2020,9,1.0,1.0,0.0,0.0,0.0,0.0,0.0,0.0
570,36,San AgustÃ­n MetzquititlÃ¡n,-98.638621,20.532602,12/2020,22,6.0,7.0,3.0,1.0,2.0,2.0,0.0,2.0
571,52,San AgustÃ­n Tlaxiaca,-98.886778,20.115661,01/2020,4,0.0,0.0,1.0,0.0,1.0,0.0,0.0,0.0
572,52,San AgustÃ­n Tlaxiaca,-98.886778,20.115661,01/2021,5,2.0,3.0,0.0,0.0,0.0,0.0,0.0,0.0
573,52,San AgustÃ­n Tlaxiaca,-98.886778,20.115661,02/2020,2,0.0,0.0,0.0,0.0,0.0,0.0,0.0,0.0
574,52,San AgustÃ­n Tlaxiaca,-98.886778,20.115661,03/2020,3,0.0,1.0,1.0,0.0,1.0,0.0,0.0,0.0
575,52,San AgustÃ­n Tlaxiaca,-98.886778,20.115661,04/2020,12,4.0,2.0,3.0,2.0,1.0,1.0,1.0,0.0
576,52,San AgustÃ­n Tlaxiaca,-98.886778,20.115661,05/2020,36,14.0,13.0,6.0,2.0,4.0,1.0,0.0,1.0
577,52,San AgustÃ­n Tlaxiaca,-98.886778,20.115661,06/2020,57,14.0,23.0,9.0,3.0,6.0,1.0,0.0,1.0
578,52,San AgustÃ­n Tlaxiaca,-98.886778,20.115661,07/2020,49,14.0,15.0,10.0,4.0,6.0,0.0,0.0,0.0
579,52,San AgustÃ­n Tlaxiaca,-98.886778,20.115661,08/2020,42,11.0,16.0,9.0,2.0,7.0,1.0,1.0,0.0
580,52,San AgustÃ­n Tlaxiaca,-98.886778,20.115661,09/2020,34,6.0,16.0,8.0,0.0,8.0,2.0,1.0,1.0
581,52,San AgustÃ­n Tlaxiaca,-98.886778,20.115661,10/2020,45,20.0,11.0,5.0,2.0,3.0,0.0,0.0,0.0
582,52,San AgustÃ­n Tlaxiaca,-98.886778,20.115661,11/2020,49,11.0,12.0,4.0,1.0,3.0,1.0,0.0,1.0
583,52,San AgustÃ­n Tlaxiaca,-98.886778,20.115661,12/2020,48,14.0,16.0,9.0,3.0,6.0,1.0,0.0,1.0
584,53,San Bartolo Tutotepec,-98.20206,20.399143,01/2021,5,2.0,0.0,0.0,0.0,0.0,0.0,0.0,0.0
585,53,San Bartolo Tutotepec,-98.20206,20.399143,03/2020,1,0.0,0.0,0.0,0.0,0.0,0.0,0.0,0.0
586,53,San Bartolo Tutotepec,-98.20206,20.399143,04/2020,1,1.0,0.0,1.0,1.0,0.0,0.0,0.0,0.0
587,53,San Bartolo Tutotepec,-98.20206,20.399143,05/2020,8,0.0,4.0,3.0,1.0,2.0,1.0,0.0,1.0
588,53,San Bartolo Tutotepec,-98.20206,20.399143,06/2020,4,0.0,2.0,0.0,0.0,0.0,0.0,0.0,0.0
589,53,San Bartolo Tutotepec,-98.20206,20.399143,07/2020,5,2.0,1.0,1.0,0.0,1.0,0.0,0.0,0.0
590,53,San Bartolo Tutotepec,-98.20206,20.399143,08/2020,18,4.0,7.0,2.0,2.0,0.0,1.0,1.0,0.0
591,53,San Bartolo Tutotepec,-98.20206,20.399143,09/2020,18,2.0,5.0,0.0,0.0,0.0,0.0,0.0,0.0
592,53,San Bartolo Tutotepec,-98.20206,20.399143,10/2020,42,8.0,12.0,2.0,0.0,2.0,1.0,0.0,1.0
593,53,San Bartolo Tutotepec,-98.20206,20.399143,11/2020,18,8.0,7.0,0.0,0.0,0.0,1.0,1.0,0.0
594,53,San Bartolo Tutotepec,-98.20206,20.399143,12/2020,29,5.0,4.0,0.0,0.0,0.0,0.0,0.0,0.0
595,46,San Felipe OrizatlÃ¡n,-98.607815,21.170944,01/2020,1,0.0,0.0,0.0,0.0,0.0,0.0,0.0,0.0
596,46,San Felipe OrizatlÃ¡n,-98.607815,21.170944,01/2021,1,0.0,0.0,0.0,0.0,0.0,0.0,0.0,0.0
597,46,San Felipe OrizatlÃ¡n,-98.607815,21.170944,02/2020,1,0.0,0.0,0.0,0.0,0.0,0.0,0.0,0.0
598,46,San Felipe OrizatlÃ¡n,-98.607815,21.170944,03/2020,1,0.0,0.0,0.0,0.0,0.0,0.0,0.0,0.0
599,46,San Felipe OrizatlÃ¡n,-98.607815,21.170944,04/2020,1,0.0,0.0,0.0,0.0,0.0,0.0,0.0,0.0
600,46,San Felipe OrizatlÃ¡n,-98.607815,21.170944,05/2020,11,4.0,2.0,4.0,2.0,2.0,0.0,0.0,0.0
601,46,San Felipe OrizatlÃ¡n,-98.607815,21.170944,06/2020,19,6.0,6.0,4.0,2.0,2.0,0.0,0.0,0.0
602,46,San Felipe OrizatlÃ¡n,-98.607815,21.170944,07/2020,22,5.0,7.0,4.0,0.0,4.0,0.0,0.0,0.0
603,46,San Felipe OrizatlÃ¡n,-98.607815,21.170944,08/2020,10,1.0,7.0,2.0,1.0,1.0,0.0,0.0,0.0
604,46,San Felipe OrizatlÃ¡n,-98.607815,21.170944,09/2020,13,3.0,5.0,5.0,2.0,3.0,0.0,0.0,0.0
605,46,San Felipe OrizatlÃ¡n,-98.607815,21.170944,10/2020,18,6.0,2.0,3.0,0.0,3.0,0.0,0.0,0.0
606,46,San Felipe OrizatlÃ¡n,-98.607815,21.170944,11/2020,16,3.0,4.0,4.0,1.0,3.0,0.0,0.0,0.0
607,46,San Felipe OrizatlÃ¡n,-98.607815,21.170944,12/2020,31,6.0,8.0,5.0,3.0,2.0,1.0,0.0,1.0
608,54,San Salvador,-99.015604,20.284568,01/2020,5,0.0,0.0,1.0,1.0,0.0,0.0,0.0,0.0
609,54,San Salvador,-99.015604,20.284568,01/2021,8,4.0,2.0,4.0,3.0,1.0,0.0,0.0,0.0
610,54,San Salvador,-99.015604,20.284568,02/2020,2,0.0,0.0,0.0,0.0,0.0,0.0,0.0,0.0
611,54,San Salvador,-99.015604,20.284568,03/2020,2,0.0,0.0,0.0,0.0,0.0,0.0,0.0,0.0
612,54,San Salvador,-99.015604,20.284568,04/2020,11,2.0,3.0,3.0,1.0,2.0,0.0,0.0,0.0
613,54,San Salvador,-99.015604,20.284568,05/2020,30,6.0,10.0,7.0,4.0,3.0,3.0,2.0,1.0
614,54,San Salvador,-99.015604,20.284568,06/2020,18,6.0,3.0,2.0,0.0,2.0,0.0,0.0,0.0
615,54,San Salvador,-99.015604,20.284568,07/2020,27,10.0,12.0,4.0,1.0,3.0,0.0,0.0,0.0
616,54,San Salvador,-99.015604,20.284568,08/2020,61,23.0,22.0,12.0,8.0,4.0,0.0,0.0,0.0
617,54,San Salvador,-99.015604,20.284568,09/2020,26,3.0,8.0,3.0,1.0,2.0,1.0,1.0,0.0
618,54,San Salvador,-99.015604,20.284568,10/2020,30,8.0,13.0,4.0,1.0,3.0,1.0,0.0,1.0
619,54,San Salvador,-99.015604,20.284568,11/2020,29,10.0,7.0,5.0,3.0,2.0,1.0,0.0,1.0
620,54,San Salvador,-99.015604,20.284568,12/2020,42,15.0,13.0,5.0,1.0,4.0,2.0,1.0,1.0
621,55,Santiago de Anaya,-98.963953,20.382582,01/2020,3,0.0,0.0,0.0,0.0,0.0,0.0,0.0,0.0
622,55,Santiago de Anaya,-98.963953,20.382582,01/2021,1,0.0,1.0,0.0,0.0,0.0,0.0,0.0,0.0
623,55,Santiago de Anaya,-98.963953,20.382582,02/2020,3,0.0,0.0,1.0,1.0,0.0,0.0,0.0,0.0
624,55,Santiago de Anaya,-98.963953,20.382582,03/2020,1,0.0,0.0,0.0,0.0,0.0,1.0,0.0,1.0
625,55,Santiago de Anaya,-98.963953,20.382582,04/2020,2,0.0,2.0,0.0,0.0,0.0,1.0,0.0,1.0
626,55,Santiago de Anaya,-98.963953,20.382582,05/2020,17,5.0,4.0,2.0,2.0,0.0,1.0,1.0,0.0
627,55,Santiago de Anaya,-98.963953,20.382582,06/2020,9,4.0,5.0,1.0,0.0,1.0,0.0,0.0,0.0
628,55,Santiago de Anaya,-98.963953,20.382582,07/2020,15,6.0,5.0,5.0,2.0,3.0,0.0,0.0,0.0
629,55,Santiago de Anaya,-98.963953,20.382582,08/2020,18,6.0,9.0,4.0,0.0,4.0,0.0,0.0,0.0
630,55,Santiago de Anaya,-98.963953,20.382582,09/2020,32,4.0,11.0,4.0,1.0,3.0,1.0,0.0,1.0
631,55,Santiago de Anaya,-98.963953,20.382582,10/2020,15,1.0,4.0,2.0,0.0,2.0,1.0,0.0,1.0
632,55,Santiago de Anaya,-98.963953,20.382582,11/2020,9,1.0,2.0,1.0,1.0,0.0,1.0,1.0,0.0
633,55,Santiago de Anaya,-98.963953,20.382582,12/2020,25,7.0,6.0,3.0,1.0,2.0,0.0,0.0,0.0
634,56,Santiago Tulantepec de Lugo Guerrero,-98.357006,20.039193,01/2020,3,0.0,0.0,1.0,0.0,1.0,0.0,0.0,0.0
635,56,Santiago Tulantepec de Lugo Guerrero,-98.357006,20.039193,01/2021,21,5.0,8.0,5.0,2.0,3.0,1.0,0.0,1.0
636,56,Santiago Tulantepec de Lugo Guerrero,-98.357006,20.039193,02/2020,3,0.0,0.0,0.0,0.0,0.0,0.0,0.0,0.0
637,56,Santiago Tulantepec de Lugo Guerrero,-98.357006,20.039193,03/2020,6,0.0,0.0,0.0,0.0,0.0,0.0,0.0,0.0
638,56,Santiago Tulantepec de Lugo Guerrero,-98.357006,20.039193,04/2020,18,3.0,1.0,1.0,1.0,0.0,1.0,1.0,0.0
639,56,Santiago Tulantepec de Lugo Guerrero,-98.357006,20.039193,05/2020,27,7.0,3.0,2.0,1.0,1.0,0.0,0.0,0.0
640,56,Santiago Tulantepec de Lugo Guerrero,-98.357006,20.039193,06/2020,42,9.0,13.0,8.0,3.0,5.0,3.0,2.0,1.0
641,56,Santiago Tulantepec de Lugo Guerrero,-98.357006,20.039193,07/2020,72,22.0,21.0,9.0,3.0,6.0,1.0,1.0,0.0
642,56,Santiago Tulantepec de Lugo Guerrero,-98.357006,20.039193,08/2020,76,19.0,18.0,13.0,4.0,9.0,3.0,0.0,3.0
643,56,Santiago Tulantepec de Lugo Guerrero,-98.357006,20.039193,09/2020,35,7.0,11.0,3.0,1.0,2.0,0.0,0.0,0.0
644,56,Santiago Tulantepec de Lugo Guerrero,-98.357006,20.039193,10/2020,57,10.0,10.0,4.0,2.0,2.0,0.0,0.0,0.0
645,56,Santiago Tulantepec de Lugo Guerrero,-98.357006,20.039193,11/2020,63,12.0,12.0,5.0,1.0,4.0,0.0,0.0,0.0
646,56,Santiago Tulantepec de Lugo Guerrero,-98.357006,20.039193,12/2020,105,21.0,31.0,6.0,3.0,3.0,0.0,0.0,0.0
647,57,Singuilucan,-98.517222,19.9675,01/2021,3,1.0,1.0,0.0,0.0,0.0,0.0,0.0,0.0
648,57,Singuilucan,-98.517222,19.9675,02/2020,1,0.0,0.0,0.0,0.0,0.0,0.0,0.0,0.0
649,57,Singuilucan,-98.517222,19.9675,03/2020,5,0.0,0.0,0.0,0.0,0.0,0.0,0.0,0.0
650,57,Singuilucan,-98.517222,19.9675,04/2020,3,1.0,1.0,1.0,1.0,0.0,0.0,0.0,0.0
651,57,Singuilucan,-98.517222,19.9675,05/2020,17,2.0,3.0,3.0,0.0,3.0,3.0,1.0,2.0
652,57,Singuilucan,-98.517222,19.9675,06/2020,23,8.0,8.0,6.0,3.0,3.0,1.0,0.0,1.0
653,57,Singuilucan,-98.517222,19.9675,07/2020,28,7.0,11.0,5.0,2.0,3.0,1.0,0.0,1.0
654,57,Singuilucan,-98.517222,19.9675,08/2020,22,4.0,6.0,0.0,0.0,0.0,0.0,0.0,0.0
655,57,Singuilucan,-98.517222,19.9675,09/2020,7,0.0,0.0,2.0,0.0,2.0,0.0,0.0,0.0
656,57,Singuilucan,-98.517222,19.9675,10/2020,12,1.0,3.0,2.0,0.0,2.0,0.0,0.0,0.0
657,57,Singuilucan,-98.517222,19.9675,11/2020,11,3.0,4.0,4.0,1.0,3.0,0.0,0.0,0.0
658,57,Singuilucan,-98.517222,19.9675,12/2020,36,10.0,14.0,6.0,3.0,3.0,0.0,0.0,0.0
659,58,Tasquillo,-99.312556,20.551772,01/2020,2,0.0,0.0,1.0,0.0,1.0,0.0,0.0,0.0
660,58,Tasquillo,-99.312556,20.551772,01/2021,7,1.0,5.0,2.0,0.0,2.0,1.0,0.0,1.0
661,58,Tasquillo,-99.312556,20.551772,02/2020,3,0.0,0.0,0.0,0.0,0.0,0.0,0.0,0.0
662,58,Tasquillo,-99.312556,20.551772,04/2020,3,1.0,0.0,0.0,0.0,0.0,0.0,0.0,0.0
663,58,Tasquillo,-99.312556,20.551772,05/2020,6,2.0,2.0,1.0,0.0,1.0,0.0,0.0,0.0
664,58,Tasquillo,-99.312556,20.551772,06/2020,8,1.0,2.0,2.0,1.0,1.0,0.0,0.0,0.0
665,58,Tasquillo,-99.312556,20.551772,07/2020,15,1.0,3.0,2.0,1.0,1.0,0.0,0.0,0.0
666,58,Tasquillo,-99.312556,20.551772,08/2020,9,1.0,1.0,2.0,2.0,0.0,0.0,0.0,0.0
667,58,Tasquillo,-99.312556,20.551772,09/2020,10,2.0,3.0,1.0,0.0,1.0,1.0,0.0,1.0
668,58,Tasquillo,-99.312556,20.551772,10/2020,12,2.0,0.0,2.0,0.0,2.0,0.0,0.0,0.0
669,58,Tasquillo,-99.312556,20.551772,11/2020,12,2.0,6.0,4.0,1.0,3.0,4.0,0.0,4.0
670,58,Tasquillo,-99.312556,20.551772,12/2020,14,8.0,1.0,3.0,2.0,1.0,1.0,1.0,0.0
671,59,Tecozautla,-99.634924,20.533873,01/2020,2,0.0,0.0,0.0,0.0,0.0,0.0,0.0,0.0
672,59,Tecozautla,-99.634924,20.533873,01/2021,5,0.0,4.0,2.0,0.0,2.0,0.0,0.0,0.0
673,59,Tecozautla,-99.634924,20.533873,03/2020,5,0.0,0.0,0.0,0.0,0.0,0.0,0.0,0.0
674,59,Tecozautla,-99.634924,20.533873,04/2020,8,0.0,3.0,1.0,1.0,0.0,1.0,0.0,1.0
675,59,Tecozautla,-99.634924,20.533873,05/2020,7,1.0,2.0,3.0,2.0,1.0,0.0,0.0,0.0
676,59,Tecozautla,-99.634924,20.533873,06/2020,16,5.0,4.0,1.0,0.0,1.0,3.0,0.0,3.0
677,59,Tecozautla,-99.634924,20.533873,07/2020,25,6.0,10.0,2.0,0.0,2.0,4.0,1.0,3.0
678,59,Tecozautla,-99.634924,20.533873,08/2020,16,2.0,1.0,0.0,0.0,0.0,0.0,0.0,0.0
679,59,Tecozautla,-99.634924,20.533873,09/2020,20,3.0,6.0,1.0,0.0,1.0,0.0,0.0,0.0
680,59,Tecozautla,-99.634924,20.533873,10/2020,8,2.0,2.0,0.0,0.0,0.0,0.0,0.0,0.0
681,59,Tecozautla,-99.634924,20.533873,11/2020,23,7.0,11.0,3.0,2.0,1.0,3.0,1.0,2.0
682,59,Tecozautla,-99.634924,20.533873,12/2020,41,14.0,21.0,8.0,3.0,5.0,6.0,2.0,4.0
683,60,Tenango de Doria,-98.226729,20.338056,01/2020,6,0.0,0.0,0.0,0.0,0.0,0.0,0.0,0.0
684,60,Tenango de Doria,-98.226729,20.338056,01/2021,6,1.0,1.0,0.0,0.0,0.0,0.0,0.0,0.0
685,60,Tenango de Doria,-98.226729,20.338056,02/2020,9,0.0,0.0,0.0,0.0,0.0,0.0,0.0,0.0
686,60,Tenango de Doria,-98.226729,20.338056,03/2020,17,0.0,0.0,0.0,0.0,0.0,0.0,0.0,0.0
687,60,Tenango de Doria,-98.226729,20.338056,04/2020,11,1.0,0.0,1.0,1.0,0.0,0.0,0.0,0.0
688,60,Tenango de Doria,-98.226729,20.338056,05/2020,2,1.0,0.0,0.0,0.0,0.0,0.0,0.0,0.0
689,60,Tenango de Doria,-98.226729,20.338056,06/2020,14,1.0,4.0,0.0,0.0,0.0,0.0,0.0,0.0
690,60,Tenango de Doria,-98.226729,20.338056,07/2020,32,2.0,2.0,1.0,0.0,1.0,0.0,0.0,0.0
691,60,Tenango de Doria,-98.226729,20.338056,08/2020,34,7.0,5.0,1.0,0.0,1.0,0.0,0.0,0.0
692,60,Tenango de Doria,-98.226729,20.338056,09/2020,34,6.0,2.0,1.0,1.0,0.0,0.0,0.0,0.0
693,60,Tenango de Doria,-98.226729,20.338056,10/2020,44,2.0,11.0,1.0,0.0,1.0,0.0,0.0,0.0
694,60,Tenango de Doria,-98.226729,20.338056,11/2020,17,1.0,2.0,0.0,0.0,0.0,0.0,0.0,0.0
695,60,Tenango de Doria,-98.226729,20.338056,12/2020,54,14.0,11.0,2.0,1.0,1.0,0.0,0.0,0.0
696,61,Tepeapulco,-98.553662,19.785674,01/2020,5,0.0,0.0,3.0,3.0,0.0,0.0,0.0,0.0
697,61,Tepeapulco,-98.553662,19.785674,01/2021,28,8.0,11.0,8.0,2.0,6.0,0.0,0.0,0.0
698,61,Tepeapulco,-98.553662,19.785674,02/2020,4,0.0,0.0,0.0,0.0,0.0,0.0,0.0,0.0
699,61,Tepeapulco,-98.553662,19.785674,03/2020,5,0.0,0.0,0.0,0.0,0.0,0.0,0.0,0.0
700,61,Tepeapulco,-98.553662,19.785674,04/2020,25,5.0,6.0,3.0,0.0,3.0,0.0,0.0,0.0
701,61,Tepeapulco,-98.553662,19.785674,05/2020,81,15.0,34.0,18.0,2.0,16.0,0.0,0.0,0.0
702,61,Tepeapulco,-98.553662,19.785674,06/2020,205,58.0,67.0,20.0,5.0,15.0,2.0,1.0,1.0
703,61,Tepeapulco,-98.553662,19.785674,07/2020,199,54.0,63.0,14.0,4.0,10.0,0.0,0.0,0.0
704,61,Tepeapulco,-98.553662,19.785674,08/2020,178,48.0,61.0,18.0,5.0,13.0,1.0,0.0,1.0
705,61,Tepeapulco,-98.553662,19.785674,09/2020,139,30.0,42.0,9.0,3.0,6.0,0.0,0.0,0.0
706,61,Tepeapulco,-98.553662,19.785674,10/2020,172,42.0,39.0,7.0,2.0,5.0,1.0,0.0,1.0
707,61,Tepeapulco,-98.553662,19.785674,11/2020,174,61.0,55.0,12.0,5.0,7.0,2.0,1.0,1.0
708,61,Tepeapulco,-98.553662,19.785674,12/2020,298,103.0,99.0,28.0,12.0,16.0,4.0,1.0,3.0
709,62,TepehuacÃ¡n de Guerrero,-98.843733,21.014084,01/2020,3,0.0,0.0,0.0,0.0,0.0,0.0,0.0,0.0
710,62,TepehuacÃ¡n de Guerrero,-98.843733,21.014084,03/2020,1,0.0,0.0,0.0,0.0,0.0,0.0,0.0,0.0
711,62,TepehuacÃ¡n de Guerrero,-98.843733,21.014084,04/2020,2,0.0,0.0,0.0,0.0,0.0,0.0,0.0,0.0
712,62,TepehuacÃ¡n de Guerrero,-98.843733,21.014084,05/2020,1,0.0,1.0,0.0,0.0,0.0,0.0,0.0,0.0
713,62,TepehuacÃ¡n de Guerrero,-98.843733,21.014084,06/2020,2,0.0,0.0,0.0,0.0,0.0,0.0,0.0,0.0
714,62,TepehuacÃ¡n de Guerrero,-98.843733,21.014084,07/2020,3,0.0,0.0,0.0,0.0,0.0,0.0,0.0,0.0
715,62,TepehuacÃ¡n de Guerrero,-98.843733,21.014084,08/2020,4,0.0,1.0,0.0,0.0,0.0,0.0,0.0,0.0
716,62,TepehuacÃ¡n de Guerrero,-98.843733,21.014084,09/2020,6,1.0,0.0,0.0,0.0,0.0,1.0,1.0,0.0
717,62,TepehuacÃ¡n de Guerrero,-98.843733,21.014084,10/2020,6,1.0,0.0,1.0,1.0,0.0,0.0,0.0,0.0
718,62,TepehuacÃ¡n de Guerrero,-98.843733,21.014084,11/2020,3,0.0,3.0,2.0,0.0,2.0,0.0,0.0,0.0
719,62,TepehuacÃ¡n de Guerrero,-98.843733,21.014084,12/2020,5,1.0,1.0,0.0,0.0,0.0,0.0,0.0,0.0
720,63,Tepeji del RÃ­o de Ocampo,-99.341814,19.905217,01/2020,15,0.0,0.0,0.0,0.0,0.0,0.0,0.0,0.0
721,63,Tepeji del RÃ­o de Ocampo,-99.341814,19.905217,01/2021,87,36.0,20.0,11.0,3.0,8.0,4.0,4.0,0.0
722,63,Tepeji del RÃ­o de Ocampo,-99.341814,19.905217,02/2020,15,0.0,0.0,0.0,0.0,0.0,0.0,0.0,0.0
723,63,Tepeji del RÃ­o de Ocampo,-99.341814,19.905217,03/2020,19,0.0,1.0,0.0,0.0,0.0,0.0,0.0,0.0
724,63,Tepeji del RÃ­o de Ocampo,-99.341814,19.905217,04/2020,25,4.0,2.0,3.0,1.0,2.0,0.0,0.0,0.0
725,63,Tepeji del RÃ­o de Ocampo,-99.341814,19.905217,05/2020,111,23.0,41.0,17.0,2.0,15.0,4.0,2.0,2.0
726,63,Tepeji del RÃ­o de Ocampo,-99.341814,19.905217,06/2020,150,38.0,43.0,17.0,8.0,9.0,2.0,0.0,2.0
727,63,Tepeji del RÃ­o de Ocampo,-99.341814,19.905217,07/2020,198,45.0,82.0,36.0,16.0,20.0,1.0,1.0,0.0
728,63,Tepeji del RÃ­o de Ocampo,-99.341814,19.905217,08/2020,254,76.0,87.0,26.0,9.0,17.0,8.0,7.0,1.0
729,63,Tepeji del RÃ­o de Ocampo,-99.341814,19.905217,09/2020,127,33.0,37.0,15.0,8.0,7.0,2.0,1.0,1.0
730,63,Tepeji del RÃ­o de Ocampo,-99.341814,19.905217,10/2020,233,34.0,44.0,12.0,4.0,8.0,9.0,4.0,5.0
731,63,Tepeji del RÃ­o de Ocampo,-99.341814,19.905217,11/2020,208,39.0,42.0,20.0,7.0,13.0,7.0,2.0,5.0
732,63,Tepeji del RÃ­o de Ocampo,-99.341814,19.905217,12/2020,343,68.0,71.0,23.0,11.0,12.0,6.0,2.0,4.0
733,64,TepetitlÃ¡n,-99.380338,20.186949,01/2020,5,0.0,0.0,0.0,0.0,0.0,0.0,0.0,0.0
734,64,TepetitlÃ¡n,-99.380338,20.186949,01/2021,3,0.0,2.0,0.0,0.0,0.0,0.0,0.0,0.0
735,64,TepetitlÃ¡n,-99.380338,20.186949,03/2020,2,0.0,0.0,0.0,0.0,0.0,0.0,0.0,0.0
736,64,TepetitlÃ¡n,-99.380338,20.186949,04/2020,1,0.0,1.0,0.0,0.0,0.0,0.0,0.0,0.0
737,64,TepetitlÃ¡n,-99.380338,20.186949,05/2020,5,1.0,1.0,0.0,0.0,0.0,0.0,0.0,0.0
738,64,TepetitlÃ¡n,-99.380338,20.186949,06/2020,9,2.0,1.0,3.0,1.0,2.0,0.0,0.0,0.0
739,64,TepetitlÃ¡n,-99.380338,20.186949,07/2020,14,3.0,8.0,5.0,2.0,3.0,0.0,0.0,0.0
740,64,TepetitlÃ¡n,-99.380338,20.186949,08/2020,8,2.0,3.0,2.0,1.0,1.0,1.0,1.0,0.0
741,64,TepetitlÃ¡n,-99.380338,20.186949,09/2020,17,4.0,4.0,2.0,2.0,0.0,3.0,1.0,2.0
742,64,TepetitlÃ¡n,-99.380338,20.186949,10/2020,16,8.0,4.0,6.0,4.0,2.0,2.0,1.0,1.0
743,64,TepetitlÃ¡n,-99.380338,20.186949,11/2020,20,3.0,4.0,2.0,1.0,1.0,2.0,0.0,2.0
744,64,TepetitlÃ¡n,-99.380338,20.186949,12/2020,10,2.0,4.0,3.0,0.0,3.0,2.0,1.0,1.0
745,65,Tetepango,-99.156123,20.102655,01/2020,1,0.0,0.0,0.0,0.0,0.0,0.0,0.0,0.0
746,65,Tetepango,-99.156123,20.102655,01/2021,1,0.0,1.0,0.0,0.0,0.0,0.0,0.0,0.0
747,65,Tetepango,-99.156123,20.102655,02/2020,5,0.0,0.0,1.0,0.0,1.0,0.0,0.0,0.0
748,65,Tetepango,-99.156123,20.102655,03/2020,2,0.0,0.0,1.0,0.0,1.0,0.0,0.0,0.0
749,65,Tetepango,-99.156123,20.102655,04/2020,6,2.0,1.0,1.0,1.0,0.0,0.0,0.0,0.0
750,65,Tetepango,-99.156123,20.102655,05/2020,4,1.0,1.0,1.0,1.0,0.0,0.0,0.0,0.0
751,65,Tetepango,-99.156123,20.102655,06/2020,22,6.0,6.0,4.0,1.0,3.0,0.0,0.0,0.0
752,65,Tetepango,-99.156123,20.102655,07/2020,13,1.0,5.0,3.0,0.0,3.0,1.0,0.0,1.0
753,65,Tetepango,-99.156123,20.102655,08/2020,15,3.0,5.0,1.0,0.0,1.0,0.0,0.0,0.0
754,65,Tetepango,-99.156123,20.102655,09/2020,15,2.0,3.0,1.0,0.0,1.0,0.0,0.0,0.0
755,65,Tetepango,-99.156123,20.102655,10/2020,22,10.0,5.0,2.0,1.0,1.0,2.0,2.0,0.0
756,65,Tetepango,-99.156123,20.102655,11/2020,18,5.0,2.0,1.0,1.0,0.0,4.0,0.0,4.0
757,65,Tetepango,-99.156123,20.102655,12/2020,26,6.0,8.0,5.0,1.0,4.0,3.0,2.0,1.0
758,67,Tezontepec de Aldama,-99.272683,20.192762,01/2020,6,0.0,0.0,0.0,0.0,0.0,0.0,0.0,0.0
759,67,Tezontepec de Aldama,-99.272683,20.192762,01/2021,21,8.0,6.0,1.0,0.0,1.0,3.0,1.0,2.0
760,67,Tezontepec de Aldama,-99.272683,20.192762,02/2020,2,0.0,0.0,0.0,0.0,0.0,0.0,0.0,0.0
761,67,Tezontepec de Aldama,-99.272683,20.192762,03/2020,3,0.0,0.0,0.0,0.0,0.0,0.0,0.0,0.0
762,67,Tezontepec de Aldama,-99.272683,20.192762,04/2020,27,7.0,15.0,10.0,3.0,7.0,2.0,0.0,2.0
763,67,Tezontepec de Aldama,-99.272683,20.192762,05/2020,37,13.0,13.0,12.0,4.0,8.0,4.0,1.0,3.0
764,67,Tezontepec de Aldama,-99.272683,20.192762,06/2020,38,9.0,15.0,5.0,2.0,3.0,1.0,1.0,0.0
765,67,Tezontepec de Aldama,-99.272683,20.192762,07/2020,56,15.0,20.0,5.0,0.0,5.0,0.0,0.0,0.0
766,67,Tezontepec de Aldama,-99.272683,20.192762,08/2020,85,25.0,30.0,11.0,3.0,8.0,4.0,1.0,3.0
767,67,Tezontepec de Aldama,-99.272683,20.192762,09/2020,88,18.0,32.0,5.0,1.0,4.0,4.0,1.0,3.0
768,67,Tezontepec de Aldama,-99.272683,20.192762,10/2020,95,31.0,24.0,10.0,6.0,4.0,5.0,2.0,3.0
769,67,Tezontepec de Aldama,-99.272683,20.192762,11/2020,104,34.0,32.0,16.0,7.0,9.0,9.0,6.0,3.0
770,67,Tezontepec de Aldama,-99.272683,20.192762,12/2020,89,34.0,30.0,7.0,3.0,4.0,10.0,3.0,7.0
771,68,Tianguistengo,-98.630851,20.728213,01/2021,2,0.0,2.0,1.0,0.0,1.0,0.0,0.0,0.0
772,68,Tianguistengo,-98.630851,20.728213,04/2020,1,0.0,0.0,0.0,0.0,0.0,0.0,0.0,0.0
773,68,Tianguistengo,-98.630851,20.728213,06/2020,1,0.0,1.0,1.0,0.0,1.0,0.0,0.0,0.0
774,68,Tianguistengo,-98.630851,20.728213,07/2020,6,1.0,3.0,2.0,0.0,2.0,0.0,0.0,0.0
775,68,Tianguistengo,-98.630851,20.728213,08/2020,11,2.0,2.0,1.0,0.0,1.0,0.0,0.0,0.0
776,68,Tianguistengo,-98.630851,20.728213,09/2020,13,0.0,2.0,1.0,0.0,1.0,1.0,0.0,1.0
777,68,Tianguistengo,-98.630851,20.728213,10/2020,9,0.0,1.0,0.0,0.0,0.0,0.0,0.0,0.0
778,68,Tianguistengo,-98.630851,20.728213,11/2020,7,0.0,1.0,1.0,0.0,1.0,1.0,0.0,1.0
779,68,Tianguistengo,-98.630851,20.728213,12/2020,19,4.0,6.0,3.0,0.0,3.0,0.0,0.0,0.0
780,69,Tizayuca,-98.981584,19.841089,01/2020,31,0.0,0.0,1.0,1.0,0.0,0.0,0.0,0.0
781,69,Tizayuca,-98.981584,19.841089,01/2021,149,42.0,44.0,20.0,10.0,10.0,0.0,0.0,0.0
782,69,Tizayuca,-98.981584,19.841089,02/2020,19,0.0,0.0,3.0,2.0,1.0,0.0,0.0,0.0
783,69,Tizayuca,-98.981584,19.841089,03/2020,69,1.0,3.0,3.0,0.0,3.0,0.0,0.0,0.0
784,69,Tizayuca,-98.981584,19.841089,04/2020,116,17.0,22.0,11.0,2.0,9.0,0.0,0.0,0.0
785,69,Tizayuca,-98.981584,19.841089,05/2020,314,70.0,116.0,44.0,12.0,32.0,3.0,2.0,1.0
786,69,Tizayuca,-98.981584,19.841089,06/2020,361,93.0,87.0,38.0,14.0,24.0,2.0,2.0,0.0
787,69,Tizayuca,-98.981584,19.841089,07/2020,365,73.0,89.0,23.0,10.0,13.0,1.0,0.0,1.0
788,69,Tizayuca,-98.981584,19.841089,08/2020,535,126.0,130.0,29.0,9.0,20.0,4.0,1.0,3.0
789,69,Tizayuca,-98.981584,19.841089,09/2020,445,72.0,87.0,26.0,13.0,13.0,2.0,0.0,2.0
790,69,Tizayuca,-98.981584,19.841089,10/2020,374,79.0,93.0,25.0,12.0,13.0,5.0,2.0,3.0
791,69,Tizayuca,-98.981584,19.841089,11/2020,452,115.0,125.0,32.0,12.0,20.0,1.0,1.0,0.0
792,69,Tizayuca,-98.981584,19.841089,12/2020,773,176.0,215.0,71.0,26.0,45.0,2.0,0.0,2.0
793,70,Tlahuelilpan,-99.23468,20.130627,01/2020,2,0.0,0.0,1.0,1.0,0.0,0.0,0.0,0.0
794,70,Tlahuelilpan,-99.23468,20.130627,01/2021,12,3.0,4.0,0.0,0.0,0.0,0.0,0.0,0.0
795,70,Tlahuelilpan,-99.23468,20.130627,02/2020,11,0.0,0.0,0.0,0.0,0.0,0.0,0.0,0.0
796,70,Tlahuelilpan,-99.23468,20.130627,04/2020,4,1.0,1.0,1.0,1.0,0.0,1.0,1.0,0.0
797,70,Tlahuelilpan,-99.23468,20.130627,05/2020,20,4.0,11.0,2.0,0.0,2.0,2.0,0.0,2.0
798,70,Tlahuelilpan,-99.23468,20.130627,06/2020,21,3.0,6.0,5.0,1.0,4.0,0.0,0.0,0.0
799,70,Tlahuelilpan,-99.23468,20.130627,07/2020,21,7.0,7.0,3.0,2.0,1.0,2.0,2.0,0.0
800,70,Tlahuelilpan,-99.23468,20.130627,08/2020,33,15.0,8.0,5.0,2.0,3.0,4.0,3.0,1.0
801,70,Tlahuelilpan,-99.23468,20.130627,09/2020,27,8.0,10.0,4.0,0.0,4.0,5.0,1.0,4.0
802,70,Tlahuelilpan,-99.23468,20.130627,10/2020,30,11.0,7.0,4.0,3.0,1.0,1.0,1.0,0.0
803,70,Tlahuelilpan,-99.23468,20.130627,11/2020,24,7.0,7.0,6.0,2.0,4.0,4.0,1.0,3.0
804,70,Tlahuelilpan,-99.23468,20.130627,12/2020,44,13.0,17.0,4.0,1.0,3.0,5.0,1.0,4.0
805,71,Tlahuiltepa,-98.950201,20.923913,01/2021,5,0.0,4.0,1.0,0.0,1.0,0.0,0.0,0.0
806,71,Tlahuiltepa,-98.950201,20.923913,04/2020,6,0.0,1.0,3.0,0.0,3.0,0.0,0.0,0.0
807,71,Tlahuiltepa,-98.950201,20.923913,05/2020,9,2.0,2.0,1.0,0.0,1.0,1.0,0.0,1.0
808,71,Tlahuiltepa,-98.950201,20.923913,06/2020,3,1.0,0.0,0.0,0.0,0.0,0.0,0.0,0.0
809,71,Tlahuiltepa,-98.950201,20.923913,07/2020,12,3.0,4.0,3.0,0.0,3.0,1.0,0.0,1.0
810,71,Tlahuiltepa,-98.950201,20.923913,08/2020,15,5.0,7.0,0.0,0.0,0.0,0.0,0.0,0.0
811,71,Tlahuiltepa,-98.950201,20.923913,09/2020,9,1.0,4.0,0.0,0.0,0.0,0.0,0.0,0.0
812,71,Tlahuiltepa,-98.950201,20.923913,10/2020,6,4.0,0.0,2.0,2.0,0.0,0.0,0.0,0.0
813,71,Tlahuiltepa,-98.950201,20.923913,11/2020,3,1.0,0.0,0.0,0.0,0.0,0.0,0.0,0.0
814,71,Tlahuiltepa,-98.950201,20.923913,12/2020,9,2.0,3.0,2.0,0.0,2.0,1.0,0.0,1.0
815,72,Tlanalapa,-98.603913,19.817894,01/2021,3,1.0,2.0,1.0,0.0,1.0,0.0,0.0,0.0
816,72,Tlanalapa,-98.603913,19.817894,02/2020,1,0.0,0.0,0.0,0.0,0.0,0.0,0.0,0.0
817,72,Tlanalapa,-98.603913,19.817894,03/2020,2,0.0,0.0,0.0,0.0,0.0,0.0,0.0,0.0
818,72,Tlanalapa,-98.603913,19.817894,04/2020,2,1.0,0.0,1.0,0.0,1.0,0.0,0.0,0.0
819,72,Tlanalapa,-98.603913,19.817894,05/2020,17,6.0,4.0,3.0,2.0,1.0,0.0,0.0,0.0
820,72,Tlanalapa,-98.603913,19.817894,06/2020,26,6.0,6.0,1.0,0.0,1.0,0.0,0.0,0.0
821,72,Tlanalapa,-98.603913,19.817894,07/2020,61,20.0,18.0,9.0,5.0,4.0,0.0,0.0,0.0
822,72,Tlanalapa,-98.603913,19.817894,08/2020,31,6.0,14.0,3.0,0.0,3.0,1.0,0.0,1.0
823,72,Tlanalapa,-98.603913,19.817894,09/2020,30,7.0,9.0,1.0,0.0,1.0,0.0,0.0,0.0
824,72,Tlanalapa,-98.603913,19.817894,10/2020,16,6.0,6.0,2.0,1.0,1.0,0.0,0.0,0.0
825,72,Tlanalapa,-98.603913,19.817894,11/2020,16,3.0,6.0,0.0,0.0,0.0,0.0,0.0,0.0
826,72,Tlanalapa,-98.603913,19.817894,12/2020,37,17.0,10.0,4.0,2.0,2.0,0.0,0.0,0.0
827,73,Tlanchinol,-98.660284,20.989346,01/2020,2,0.0,0.0,0.0,0.0,0.0,0.0,0.0,0.0
828,73,Tlanchinol,-98.660284,20.989346,01/2021,2,1.0,1.0,0.0,0.0,0.0,0.0,0.0,0.0
829,73,Tlanchinol,-98.660284,20.989346,02/2020,3,0.0,0.0,1.0,1.0,0.0,0.0,0.0,0.0
830,73,Tlanchinol,-98.660284,20.989346,04/2020,3,0.0,0.0,0.0,0.0,0.0,0.0,0.0,0.0
831,73,Tlanchinol,-98.660284,20.989346,05/2020,3,0.0,0.0,0.0,0.0,0.0,0.0,0.0,0.0
832,73,Tlanchinol,-98.660284,20.989346,06/2020,7,3.0,1.0,1.0,1.0,0.0,0.0,0.0,0.0
833,73,Tlanchinol,-98.660284,20.989346,07/2020,9,0.0,7.0,5.0,0.0,5.0,0.0,0.0,0.0
834,73,Tlanchinol,-98.660284,20.989346,08/2020,9,3.0,3.0,1.0,1.0,0.0,0.0,0.0,0.0
835,73,Tlanchinol,-98.660284,20.989346,09/2020,4,0.0,1.0,1.0,0.0,1.0,0.0,0.0,0.0
836,73,Tlanchinol,-98.660284,20.989346,10/2020,14,3.0,3.0,1.0,0.0,1.0,0.0,0.0,0.0
837,73,Tlanchinol,-98.660284,20.989346,11/2020,13,3.0,4.0,2.0,1.0,1.0,0.0,0.0,0.0
838,73,Tlanchinol,-98.660284,20.989346,12/2020,16,3.0,2.0,2.0,1.0,1.0,1.0,1.0,0.0
839,74,Tlaxcoapan,-99.221593,20.091614,01/2020,3,0.0,0.0,0.0,0.0,0.0,0.0,0.0,0.0
840,74,Tlaxcoapan,-99.221593,20.091614,01/2021,6,3.0,1.0,0.0,0.0,0.0,0.0,0.0,0.0
841,74,Tlaxcoapan,-99.221593,20.091614,02/2020,4,0.0,0.0,0.0,0.0,0.0,0.0,0.0,0.0
842,74,Tlaxcoapan,-99.221593,20.091614,03/2020,2,0.0,0.0,0.0,0.0,0.0,1.0,1.0,0.0
843,74,Tlaxcoapan,-99.221593,20.091614,04/2020,20,6.0,4.0,6.0,4.0,2.0,2.0,2.0,0.0
844,74,Tlaxcoapan,-99.221593,20.091614,05/2020,39,11.0,16.0,5.0,1.0,4.0,2.0,1.0,1.0
845,74,Tlaxcoapan,-99.221593,20.091614,06/2020,27,4.0,7.0,4.0,1.0,3.0,1.0,1.0,0.0
846,74,Tlaxcoapan,-99.221593,20.091614,07/2020,71,23.0,31.0,18.0,7.0,11.0,1.0,0.0,1.0
847,74,Tlaxcoapan,-99.221593,20.091614,08/2020,63,20.0,22.0,2.0,1.0,1.0,2.0,0.0,2.0
848,74,Tlaxcoapan,-99.221593,20.091614,09/2020,45,11.0,13.0,6.0,3.0,3.0,5.0,1.0,4.0
849,74,Tlaxcoapan,-99.221593,20.091614,10/2020,84,31.0,22.0,11.0,8.0,3.0,10.0,6.0,4.0
850,74,Tlaxcoapan,-99.221593,20.091614,11/2020,54,13.0,14.0,4.0,0.0,4.0,3.0,0.0,3.0
851,74,Tlaxcoapan,-99.221593,20.091614,12/2020,94,33.0,34.0,12.0,3.0,9.0,9.0,2.0,7.0
852,75,Tolcayuca,-98.921761,19.956591,01/2020,1,0.0,0.0,0.0,0.0,0.0,0.0,0.0,0.0
853,75,Tolcayuca,-98.921761,19.956591,01/2021,12,1.0,7.0,4.0,1.0,3.0,0.0,0.0,0.0
854,75,Tolcayuca,-98.921761,19.956591,03/2020,1,0.0,0.0,0.0,0.0,0.0,0.0,0.0,0.0
855,75,Tolcayuca,-98.921761,19.956591,04/2020,5,1.0,2.0,1.0,0.0,1.0,0.0,0.0,0.0
856,75,Tolcayuca,-98.921761,19.956591,05/2020,59,20.0,21.0,9.0,4.0,5.0,1.0,1.0,0.0
857,75,Tolcayuca,-98.921761,19.956591,06/2020,45,12.0,19.0,4.0,2.0,2.0,2.0,1.0,1.0
858,75,Tolcayuca,-98.921761,19.956591,07/2020,40,13.0,10.0,4.0,2.0,2.0,0.0,0.0,0.0
859,75,Tolcayuca,-98.921761,19.956591,08/2020,25,6.0,5.0,5.0,3.0,2.0,1.0,1.0,0.0
860,75,Tolcayuca,-98.921761,19.956591,09/2020,24,6.0,7.0,1.0,0.0,1.0,0.0,0.0,0.0
861,75,Tolcayuca,-98.921761,19.956591,10/2020,27,3.0,6.0,2.0,1.0,1.0,0.0,0.0,0.0
862,75,Tolcayuca,-98.921761,19.956591,11/2020,76,30.0,36.0,11.0,4.0,7.0,2.0,0.0,2.0
863,75,Tolcayuca,-98.921761,19.956591,12/2020,74,27.0,22.0,7.0,3.0,4.0,2.0,2.0,0.0
864,76,Tula de Allende,-99.343189,20.05522,01/2020,30,0.0,0.0,0.0,0.0,0.0,0.0,0.0,0.0
865,76,Tula de Allende,-99.343189,20.05522,01/2021,67,15.0,26.0,9.0,2.0,7.0,7.0,2.0,5.0
866,76,Tula de Allende,-99.343189,20.05522,02/2020,14,0.0,0.0,2.0,0.0,2.0,0.0,0.0,0.0
867,76,Tula de Allende,-99.343189,20.05522,03/2020,31,0.0,0.0,1.0,0.0,1.0,1.0,0.0,1.0
868,76,Tula de Allende,-99.343189,20.05522,04/2020,46,7.0,9.0,9.0,2.0,7.0,1.0,0.0,1.0
869,76,Tula de Allende,-99.343189,20.05522,05/2020,147,27.0,38.0,20.0,12.0,8.0,3.0,1.0,2.0
870,76,Tula de Allende,-99.343189,20.05522,06/2020,195,43.0,57.0,25.0,11.0,14.0,4.0,1.0,3.0
871,76,Tula de Allende,-99.343189,20.05522,07/2020,164,27.0,53.0,24.0,6.0,18.0,4.0,3.0,1.0
872,76,Tula de Allende,-99.343189,20.05522,08/2020,267,87.0,70.0,30.0,12.0,18.0,12.0,5.0,7.0
873,76,Tula de Allende,-99.343189,20.05522,09/2020,318,69.0,89.0,35.0,12.0,23.0,18.0,9.0,9.0
874,76,Tula de Allende,-99.343189,20.05522,10/2020,360,71.0,88.0,22.0,9.0,13.0,17.0,10.0,7.0
875,76,Tula de Allende,-99.343189,20.05522,11/2020,454,114.0,121.0,43.0,16.0,27.0,32.0,12.0,20.0
876,76,Tula de Allende,-99.343189,20.05522,12/2020,516,122.0,133.0,57.0,24.0,33.0,37.0,18.0,19.0
877,77,Tulancingo de Bravo,-98.368073,20.080605,01/2020,12,0.0,0.0,3.0,1.0,2.0,0.0,0.0,0.0
878,77,Tulancingo de Bravo,-98.368073,20.080605,01/2021,99,21.0,35.0,14.0,3.0,11.0,1.0,0.0,1.0
879,77,Tulancingo de Bravo,-98.368073,20.080605,02/2020,15,0.0,0.0,1.0,1.0,0.0,0.0,0.0,0.0
880,77,Tulancingo de Bravo,-98.368073,20.080605,03/2020,26,2.0,1.0,3.0,2.0,1.0,0.0,0.0,0.0
881,77,Tulancingo de Bravo,-98.368073,20.080605,04/2020,72,8.0,11.0,9.0,1.0,8.0,4.0,1.0,3.0
882,77,Tulancingo de Bravo,-98.368073,20.080605,05/2020,120,29.0,39.0,14.0,2.0,12.0,4.0,1.0,3.0
883,77,Tulancingo de Bravo,-98.368073,20.080605,06/2020,191,46.0,49.0,26.0,7.0,19.0,7.0,1.0,6.0
884,77,Tulancingo de Bravo,-98.368073,20.080605,07/2020,455,117.0,139.0,55.0,16.0,39.0,21.0,5.0,16.0
885,77,Tulancingo de Bravo,-98.368073,20.080605,08/2020,493,116.0,153.0,68.0,20.0,48.0,3.0,0.0,3.0
886,77,Tulancingo de Bravo,-98.368073,20.080605,09/2020,265,37.0,60.0,19.0,4.0,15.0,1.0,0.0,1.0
887,77,Tulancingo de Bravo,-98.368073,20.080605,10/2020,396,66.0,81.0,38.0,10.0,28.0,7.0,2.0,5.0
888,77,Tulancingo de Bravo,-98.368073,20.080605,11/2020,377,71.0,78.0,28.0,9.0,19.0,1.0,0.0,1.0
889,77,Tulancingo de Bravo,-98.368073,20.080605,12/2020,726,168.0,199.0,75.0,26.0,49.0,9.0,5.0,4.0
890,66,Villa de Tezontepec,-98.81929,19.879861,01/2020,1,0.0,0.0,0.0,0.0,0.0,0.0,0.0,0.0
891,66,Villa de Tezontepec,-98.81929,19.879861,01/2021,2,1.0,1.0,1.0,0.0,1.0,0.0,0.0,0.0
892,66,Villa de Tezontepec,-98.81929,19.879861,03/2020,2,0.0,0.0,0.0,0.0,0.0,0.0,0.0,0.0
893,66,Villa de Tezontepec,-98.81929,19.879861,05/2020,10,2.0,5.0,3.0,0.0,3.0,0.0,0.0,0.0
894,66,Villa de Tezontepec,-98.81929,19.879861,06/2020,18,8.0,7.0,4.0,2.0,2.0,0.0,0.0,0.0
895,66,Villa de Tezontepec,-98.81929,19.879861,07/2020,2,0.0,1.0,0.0,0.0,0.0,1.0,0.0,1.0
896,66,Villa de Tezontepec,-98.81929,19.879861,08/2020,22,6.0,8.0,4.0,1.0,3.0,0.0,0.0,0.0
897,66,Villa de Tezontepec,-98.81929,19.879861,09/2020,8,1.0,0.0,1.0,0.0,1.0,0.0,0.0,0.0
898,66,Villa de Tezontepec,-98.81929,19.879861,10/2020,12,2.0,3.0,1.0,0.0,1.0,0.0,0.0,0.0
899,66,Villa de Tezontepec,-98.81929,19.879861,11/2020,12,3.0,3.0,1.0,0.0,1.0,0.0,0.0,0.0
900,66,Villa de Tezontepec,-98.81929,19.879861,12/2020,19,8.0,7.0,3.0,2.0,1.0,2.0,2.0,0.0
901,78,Xochiatipan,-98.284531,20.835483,01/2020,1,0.0,0.0,1.0,1.0,0.0,0.0,0.0,0.0
902,78,Xochiatipan,-98.284531,20.835483,02/2020,2,0.0,0.0,0.0,0.0,0.0,0.0,0.0,0.0
903,78,Xochiatipan,-98.284531,20.835483,04/2020,4,2.0,1.0,0.0,0.0,0.0,0.0,0.0,0.0
904,78,Xochiatipan,-98.284531,20.835483,05/2020,10,2.0,6.0,2.0,1.0,1.0,1.0,1.0,0.0
905,78,Xochiatipan,-98.284531,20.835483,06/2020,7,2.0,1.0,2.0,1.0,1.0,0.0,0.0,0.0
906,78,Xochiatipan,-98.284531,20.835483,07/2020,3,1.0,0.0,0.0,0.0,0.0,0.0,0.0,0.0
907,78,Xochiatipan,-98.284531,20.835483,08/2020,2,1.0,0.0,0.0,0.0,0.0,0.0,0.0,0.0
908,78,Xochiatipan,-98.284531,20.835483,09/2020,3,0.0,0.0,0.0,0.0,0.0,0.0,0.0,0.0
909,78,Xochiatipan,-98.284531,20.835483,10/2020,4,3.0,1.0,1.0,1.0,0.0,0.0,0.0,0.0
910,78,Xochiatipan,-98.284531,20.835483,11/2020,1,0.0,0.0,0.0,0.0,0.0,0.0,0.0,0.0
911,78,Xochiatipan,-98.284531,20.835483,12/2020,2,0.0,1.0,0.0,0.0,0.0,0.0,0.0,0.0
912,79,XochicoatlÃ¡n,-98.679724,20.776855,03/2020,1,0.0,0.0,0.0,0.0,0.0,0.0,0.0,0.0
913,79,XochicoatlÃ¡n,-98.679724,20.776855,04/2020,1,1.0,0.0,1.0,1.0,0.0,0.0,0.0,0.0
914,79,XochicoatlÃ¡n,-98.679724,20.776855,05/2020,2,0.0,0.0,1.0,1.0,0.0,1.0,1.0,0.0
915,79,XochicoatlÃ¡n,-98.679724,20.776855,06/2020,1,1.0,0.0,0.0,0.0,0.0,0.0,0.0,0.0
916,79,XochicoatlÃ¡n,-98.679724,20.776855,07/2020,6,2.0,2.0,0.0,0.0,0.0,0.0,0.0,0.0
917,79,XochicoatlÃ¡n,-98.679724,20.776855,08/2020,9,0.0,2.0,1.0,0.0,1.0,0.0,0.0,0.0
918,79,XochicoatlÃ¡n,-98.679724,20.776855,09/2020,17,1.0,3.0,2.0,1.0,1.0,1.0,0.0,1.0
919,79,XochicoatlÃ¡n,-98.679724,20.776855,10/2020,7,0.0,0.0,0.0,0.0,0.0,0.0,0.0,0.0
920,79,XochicoatlÃ¡n,-98.679724,20.776855,11/2020,5,4.0,0.0,0.0,0.0,0.0,0.0,0.0,0.0
921,79,XochicoatlÃ¡n,-98.679724,20.776855,12/2020,6,0.0,2.0,1.0,0.0,1.0,2.0,1.0,1.0
922,80,Yahualica,-98.382867,20.951649,01/2020,1,0.0,0.0,0.0,0.0,0.0,0.0,0.0,0.0
923,80,Yahualica,-98.382867,20.951649,01/2021,1,0.0,0.0,0.0,0.0,0.0,0.0,0.0,0.0
924,80,Yahualica,-98.382867,20.951649,04/2020,1,0.0,0.0,0.0,0.0,0.0,0.0,0.0,0.0
925,80,Yahualica,-98.382867,20.951649,06/2020,5,0.0,3.0,0.0,0.0,0.0,0.0,0.0,0.0
926,80,Yahualica,-98.382867,20.951649,07/2020,6,1.0,3.0,2.0,1.0,1.0,0.0,0.0,0.0
927,80,Yahualica,-98.382867,20.951649,08/2020,2,0.0,2.0,2.0,0.0,2.0,0.0,0.0,0.0
928,80,Yahualica,-98.382867,20.951649,09/2020,7,1.0,4.0,1.0,0.0,1.0,0.0,0.0,0.0
929,80,Yahualica,-98.382867,20.951649,10/2020,3,0.0,1.0,1.0,0.0,1.0,0.0,0.0,0.0
930,80,Yahualica,-98.382867,20.951649,11/2020,6,1.0,2.0,1.0,0.0,1.0,0.0,0.0,0.0
931,80,Yahualica,-98.382867,20.951649,12/2020,2,1.0,1.0,0.0,0.0,0.0,0.0,0.0,0.0
932,81,ZacualtipÃ¡n de Ãngeles,-98.653627,20.645181,01/2020,11,0.0,0.0,1.0,0.0,1.0,0.0,0.0,0.0
933,81,ZacualtipÃ¡n de Ãngeles,-98.653627,20.645181,01/2021,31,7.0,9.0,6.0,3.0,3.0,0.0,0.0,0.0
934,81,ZacualtipÃ¡n de Ãngeles,-98.653627,20.645181,02/2020,4,0.0,0.0,0.0,0.0,0.0,0.0,0.0,0.0
935,81,ZacualtipÃ¡n de Ãngeles,-98.653627,20.645181,03/2020,10,0.0,0.0,1.0,1.0,0.0,1.0,1.0,0.0
936,81,ZacualtipÃ¡n de Ãngeles,-98.653627,20.645181,04/2020,8,2.0,3.0,4.0,1.0,3.0,1.0,0.0,1.0
937,81,ZacualtipÃ¡n de Ãngeles,-98.653627,20.645181,05/2020,19,7.0,3.0,4.0,3.0,1.0,1.0,1.0,0.0
938,81,ZacualtipÃ¡n de Ãngeles,-98.653627,20.645181,06/2020,31,6.0,10.0,7.0,3.0,4.0,0.0,0.0,0.0
939,81,ZacualtipÃ¡n de Ãngeles,-98.653627,20.645181,07/2020,54,18.0,19.0,11.0,2.0,9.0,2.0,1.0,1.0
940,81,ZacualtipÃ¡n de Ãngeles,-98.653627,20.645181,08/2020,98,19.0,27.0,4.0,0.0,4.0,1.0,1.0,0.0
941,81,ZacualtipÃ¡n de Ãngeles,-98.653627,20.645181,09/2020,46,9.0,7.0,3.0,1.0,2.0,0.0,0.0,0.0
942,81,ZacualtipÃ¡n de Ãngeles,-98.653627,20.645181,10/2020,45,6.0,9.0,1.0,0.0,1.0,2.0,1.0,1.0
943,81,ZacualtipÃ¡n de Ãngeles,-98.653627,20.645181,11/2020,69,16.0,21.0,11.0,2.0,9.0,7.0,1.0,6.0
944,81,ZacualtipÃ¡n de Ãngeles,-98.653627,20.645181,12/2020,124,27.0,29.0,15.0,8.0,7.0,3.0,1.0,2.0
945,82,ZapotlÃ¡n de JuÃ¡rez,-98.861883,19.974047,01/2020,2,0.0,0.0,0.0,0.0,0.0,0.0,0.0,0.0
946,82,ZapotlÃ¡n de JuÃ¡rez,-98.861883,19.974047,01/2021,8,3.0,4.0,5.0,1.0,4.0,1.0,0.0,1.0
947,82,ZapotlÃ¡n de JuÃ¡rez,-98.861883,19.974047,02/2020,1,0.0,0.0,0.0,0.0,0.0,0.0,0.0,0.0
948,82,ZapotlÃ¡n de JuÃ¡rez,-98.861883,19.974047,03/2020,1,0.0,0.0,0.0,0.0,0.0,0.0,0.0,0.0
949,82,ZapotlÃ¡n de JuÃ¡rez,-98.861883,19.974047,04/2020,10,4.0,3.0,1.0,1.0,0.0,0.0,0.0,0.0
950,82,ZapotlÃ¡n de JuÃ¡rez,-98.861883,19.974047,05/2020,29,8.0,10.0,6.0,2.0,4.0,1.0,1.0,0.0
951,82,ZapotlÃ¡n de JuÃ¡rez,-98.861883,19.974047,06/2020,24,9.0,10.0,3.0,0.0,3.0,0.0,0.0,0.0
952,82,ZapotlÃ¡n de JuÃ¡rez,-98.861883,19.974047,07/2020,34,9.0,14.0,9.0,5.0,4.0,0.0,0.0,0.0
953,82,ZapotlÃ¡n de JuÃ¡rez,-98.861883,19.974047,08/2020,43,10.0,15.0,10.0,2.0,8.0,2.0,2.0,0.0
954,82,ZapotlÃ¡n de JuÃ¡rez,-98.861883,19.974047,09/2020,32,11.0,8.0,4.0,2.0,2.0,1.0,0.0,1.0
955,82,ZapotlÃ¡n de JuÃ¡rez,-98.861883,19.974047,10/2020,29,9.0,11.0,6.0,2.0,4.0,0.0,0.0,0.0
956,82,ZapotlÃ¡n de JuÃ¡rez,-98.861883,19.974047,11/2020,26,8.0,14.0,9.0,3.0,6.0,2.0,0.0,2.0
957,82,ZapotlÃ¡n de JuÃ¡rez,-98.861883,19.974047,12/2020,60,17.0,24.0,17.0,4.0,13.0,0.0,0.0,0.0
958,83,Zempoala,-98.668131,19.915397,01/2020,8,0.0,0.0,0.0,0.0,0.0,0.0,0.0,0.0
959,83,Zempoala,-98.668131,19.915397,01/2021,24,10.0,7.0,6.0,4.0,2.0,2.0,2.0,0.0
960,83,Zempoala,-98.668131,19.915397,02/2020,2,0.0,0.0,0.0,0.0,0.0,0.0,0.0,0.0
961,83,Zempoala,-98.668131,19.915397,03/2020,14,0.0,1.0,0.0,0.0,0.0,0.0,0.0,0.0
962,83,Zempoala,-98.668131,19.915397,04/2020,14,1.0,1.0,5.0,1.0,4.0,2.0,0.0,2.0
963,83,Zempoala,-98.668131,19.915397,05/2020,50,13.0,17.0,7.0,3.0,4.0,0.0,0.0,0.0
964,83,Zempoala,-98.668131,19.915397,06/2020,104,23.0,28.0,6.0,1.0,5.0,3.0,0.0,3.0
965,83,Zempoala,-98.668131,19.915397,07/2020,159,49.0,41.0,15.0,8.0,7.0,3.0,2.0,1.0
966,83,Zempoala,-98.668131,19.915397,08/2020,179,48.0,54.0,12.0,4.0,8.0,1.0,1.0,0.0
967,83,Zempoala,-98.668131,19.915397,09/2020,116,26.0,33.0,5.0,2.0,3.0,0.0,0.0,0.0
968,83,Zempoala,-98.668131,19.915397,10/2020,108,20.0,18.0,7.0,3.0,4.0,4.0,2.0,2.0
969,83,Zempoala,-98.668131,19.915397,11/2020,138,45.0,39.0,11.0,3.0,8.0,0.0,0.0,0.0
970,83,Zempoala,-98.668131,19.915397,12/2020,181,49.0,55.0,17.0,5.0,12.0,3.0,0.0,3.0
971,84,ZimapÃ¡n,-99.383113,20.738069,01/2020,4,0.0,0.0,0.0,0.0,0.0,0.0,0.0,0.0
972,84,ZimapÃ¡n,-99.383113,20.738069,01/2021,21,7.0,5.0,5.0,3.0,2.0,1.0,1.0,0.0
973,84,ZimapÃ¡n,-99.383113,20.738069,02/2020,3,0.0,0.0,0.0,0.0,0.0,0.0,0.0,0.0
974,84,ZimapÃ¡n,-99.383113,20.738069,03/2020,8,0.0,0.0,1.0,1.0,0.0,0.0,0.0,0.0
975,84,ZimapÃ¡n,-99.383113,20.738069,04/2020,12,0.0,1.0,0.0,0.0,0.0,0.0,0.0,0.0
976,84,ZimapÃ¡n,-99.383113,20.738069,05/2020,23,4.0,7.0,5.0,1.0,4.0,0.0,0.0,0.0
977,84,ZimapÃ¡n,-99.383113,20.738069,06/2020,24,8.0,7.0,6.0,3.0,3.0,1.0,1.0,0.0
978,84,ZimapÃ¡n,-99.383113,20.738069,07/2020,23,11.0,5.0,2.0,1.0,1.0,5.0,3.0,2.0
979,84,ZimapÃ¡n,-99.383113,20.738069,08/2020,52,17.0,16.0,4.0,3.0,1.0,7.0,4.0,3.0
980,84,ZimapÃ¡n,-99.383113,20.738069,09/2020,41,6.0,10.0,2.0,0.0,2.0,1.0,1.0,0.0
981,84,ZimapÃ¡n,-99.383113,20.738069,10/2020,40,7.0,8.0,6.0,3.0,3.0,2.0,1.0,1.0
982,84,ZimapÃ¡n,-99.383113,20.738069,11/2020,41,11.0,15.0,12.0,3.0,9.0,10.0,4.0,6.0
983,84,ZimapÃ¡n,-99.383113,20.738069,12/2020,57,15.0,19.0,4.0,4.0,0.0,7.0,4.0,3.0
